,*10^-9 Pa,celsius,cel.,celsius,deg C,Deg. Celcius,degree,celsius/min,*C/min,1/cm,1/cm,cm^(-1),cm^-1,cm-1,1/sec,sec^-1,A cm^(-2),A cm^(-2),A/cm^2,A/cm^2,A/cm2,A/m^2,A/m^2,A/mm^2,A/mm^2,A^(-1),A^(-1),A^-1,amps,amps,bonds/nm2,bonds/nm2,C/m^3,C/m^3,Cal/g*C,Cal/g*C,cal/g.s,cal/g.s,ch/nm^2,ch/nm^2,chain/nm^2,cm^2/Vs,cm^2/Vs,hours,hours,Hertz,J/gK,J/(g*K,j/(gk),J/gK,J/cm^3,J/cm^3,J/cm3,J/m^3,J/m^3,K^-1,K^-1,kg/mol,kg/mol,kV/cm,kV/cm,kV/m,kV/m,kV/mm,kV/mm,log Hz,log Hz,minutes,Minutes,min^-1,min^-1,MV/cm,MV/cm,MV/m,MV/m,mV/mm,mV/mm,nanometers,ohm*cm,ohm cm,ohms-cm,ohm*m,ohms - m,ohms-m,Pa*s,Pa s,Pa*s,Pa-s,Pa.s,Pa-sec,rad/sec,rad/s,rad/sec,S cm^-1,S cm^-1,S m^-1,s.m-1,s(cm),s(cm),S/cm,S/cm,V/cm,V/cm,v/mm,v/mm,W/mK,W/mK,(dimensionless),(dimensionless)
*10^-9 Pa,0.0,9.0,9.0,9.0,8.0,12.0,9.0,11.0,8.0,8.0,8.0,8.0,7.0,8.0,8.0,7.0,9.0,9.0,9.0,9.0,9.0,8.0,8.0,9.0,9.0,8.0,8.0,7.0,9.0,9.0,9.0,9.0,8.0,8.0,9.0,9.0,9.0,9.0,9.0,9.0,10.0,8.0,8.0,9.0,9.0,9.0,9.0,9.0,9.0,9.0,9.0,9.0,9.0,8.0,8.0,7.0,7.0,9.0,9.0,9.0,9.0,9.0,9.0,9.0,9.0,8.0,8.0,9.0,9.0,7.0,7.0,9.0,9.0,9.0,9.0,9.0,9.0,10.0,9.0,8.0,8.0,9.0,8.0,8.0,9.0,8.0,9.0,8.0,9.0,8.0,9.0,9.0,9.0,8.0,8.0,7.0,8.0,9.0,9.0,9.0,9.0,9.0,9.0,9.0,9.0,9.0,9.0,15.0,15.0
celsius,9.0,0.0,4.0,0.0,6.0,7.0,6.0,4.0,6.0,7.0,7.0,6.0,6.0,6.0,6.0,6.0,8.0,8.0,7.0,7.0,7.0,7.0,7.0,7.0,7.0,7.0,7.0,7.0,6.0,6.0,8.0,8.0,7.0,7.0,6.0,6.0,4.0,4.0,6.0,6.0,9.0,5.0,5.0,6.0,6.0,6.0,7.0,7.0,7.0,7.0,7.0,7.0,7.0,7.0,7.0,7.0,7.0,7.0,7.0,7.0,7.0,7.0,7.0,7.0,7.0,7.0,7.0,6.0,6.0,7.0,7.0,7.0,7.0,7.0,7.0,7.0,7.0,9.0,7.0,7.0,6.0,7.0,7.0,6.0,6.0,6.0,6.0,6.0,6.0,6.0,7.0,6.0,7.0,7.0,7.0,7.0,7.0,7.0,7.0,7.0,7.0,7.0,7.0,7.0,7.0,7.0,7.0,11.0,11.0
cel.,9.0,4.0,0.0,4.0,4.0,10.0,5.0,8.0,6.0,4.0,4.0,6.0,4.0,3.0,5.0,5.0,8.0,8.0,5.0,5.0,5.0,5.0,5.0,6.0,6.0,6.0,6.0,4.0,4.0,4.0,9.0,9.0,5.0,5.0,6.0,6.0,4.0,4.0,6.0,6.0,9.0,6.0,6.0,5.0,5.0,4.0,4.0,6.0,6.0,4.0,5.0,5.0,5.0,5.0,5.0,4.0,4.0,6.0,6.0,5.0,5.0,4.0,4.0,5.0,5.0,6.0,6.0,7.0,7.0,6.0,6.0,5.0,5.0,4.0,4.0,5.0,5.0,9.0,6.0,6.0,7.0,5.0,8.0,6.0,4.0,4.0,4.0,4.0,4.0,6.0,7.0,5.0,7.0,6.0,6.0,6.0,5.0,5.0,5.0,4.0,4.0,4.0,4.0,4.0,4.0,4.0,4.0,13.0,13.0
celsius,9.0,0.0,4.0,0.0,6.0,7.0,6.0,4.0,6.0,7.0,7.0,6.0,6.0,6.0,6.0,6.0,8.0,8.0,7.0,7.0,7.0,7.0,7.0,7.0,7.0,7.0,7.0,7.0,6.0,6.0,8.0,8.0,7.0,7.0,6.0,6.0,4.0,4.0,6.0,6.0,9.0,5.0,5.0,6.0,6.0,6.0,7.0,7.0,7.0,7.0,7.0,7.0,7.0,7.0,7.0,7.0,7.0,7.0,7.0,7.0,7.0,7.0,7.0,7.0,7.0,7.0,7.0,6.0,6.0,7.0,7.0,7.0,7.0,7.0,7.0,7.0,7.0,9.0,7.0,7.0,6.0,7.0,7.0,6.0,6.0,6.0,6.0,6.0,6.0,6.0,7.0,6.0,7.0,7.0,7.0,7.0,7.0,7.0,7.0,7.0,7.0,7.0,7.0,7.0,7.0,7.0,7.0,11.0,11.0
deg C,8.0,6.0,4.0,6.0,0.0,8.0,3.0,10.0,6.0,5.0,5.0,7.0,5.0,5.0,5.0,5.0,9.0,9.0,6.0,6.0,5.0,5.0,5.0,6.0,6.0,6.0,6.0,5.0,5.0,5.0,8.0,8.0,5.0,5.0,5.0,5.0,6.0,6.0,7.0,7.0,10.0,7.0,7.0,5.0,5.0,4.0,4.0,5.0,5.0,4.0,6.0,6.0,5.0,5.0,5.0,5.0,5.0,6.0,6.0,5.0,5.0,5.0,5.0,5.0,5.0,4.0,4.0,7.0,7.0,6.0,6.0,5.0,5.0,5.0,5.0,5.0,5.0,9.0,6.0,5.0,7.0,5.0,7.0,6.0,5.0,4.0,5.0,5.0,5.0,6.0,6.0,5.0,6.0,7.0,7.0,6.0,5.0,5.0,5.0,5.0,5.0,5.0,5.0,5.0,5.0,5.0,5.0,13.0,13.0
Deg. Celcius,12.0,7.0,10.0,7.0,8.0,0.0,9.0,10.0,10.0,11.0,11.0,12.0,12.0,11.0,10.0,10.0,11.0,11.0,11.0,11.0,11.0,12.0,12.0,12.0,12.0,12.0,12.0,12.0,11.0,11.0,12.0,12.0,11.0,11.0,10.0,10.0,10.0,10.0,12.0,12.0,12.0,11.0,11.0,11.0,11.0,11.0,11.0,12.0,12.0,11.0,11.0,11.0,11.0,12.0,12.0,12.0,12.0,10.0,10.0,11.0,11.0,12.0,12.0,12.0,12.0,10.0,10.0,10.0,10.0,12.0,12.0,11.0,11.0,12.0,12.0,12.0,12.0,10.0,11.0,10.0,11.0,12.0,11.0,12.0,11.0,10.0,11.0,11.0,10.0,10.0,10.0,11.0,10.0,11.0,11.0,11.0,11.0,11.0,11.0,11.0,11.0,11.0,11.0,12.0,12.0,12.0,12.0,13.0,13.0
degree,9.0,6.0,5.0,6.0,3.0,9.0,0.0,10.0,6.0,6.0,6.0,7.0,6.0,6.0,5.0,5.0,9.0,9.0,6.0,6.0,6.0,6.0,6.0,6.0,6.0,6.0,6.0,6.0,6.0,6.0,8.0,8.0,6.0,6.0,7.0,7.0,7.0,7.0,7.0,7.0,10.0,7.0,7.0,5.0,5.0,4.0,5.0,6.0,6.0,5.0,6.0,6.0,6.0,6.0,6.0,6.0,6.0,6.0,6.0,6.0,6.0,6.0,6.0,6.0,6.0,5.0,5.0,6.0,6.0,6.0,6.0,6.0,6.0,6.0,6.0,6.0,6.0,8.0,6.0,6.0,7.0,6.0,8.0,6.0,6.0,6.0,6.0,6.0,6.0,5.0,6.0,6.0,6.0,7.0,7.0,6.0,6.0,6.0,6.0,6.0,6.0,6.0,6.0,6.0,6.0,6.0,6.0,12.0,12.0
celsius/min,11.0,4.0,8.0,4.0,10.0,10.0,10.0,0.0,7.0,10.0,10.0,10.0,10.0,9.0,10.0,10.0,11.0,11.0,10.0,10.0,10.0,9.0,9.0,10.0,10.0,11.0,11.0,11.0,10.0,10.0,9.0,9.0,9.0,9.0,9.0,9.0,8.0,8.0,9.0,9.0,8.0,9.0,9.0,10.0,10.0,10.0,10.0,11.0,11.0,10.0,10.0,10.0,10.0,9.0,9.0,11.0,11.0,9.0,9.0,10.0,10.0,9.0,9.0,9.0,9.0,10.0,10.0,10.0,10.0,10.0,10.0,10.0,10.0,9.0,9.0,9.0,9.0,11.0,10.0,10.0,9.0,10.0,9.0,9.0,10.0,10.0,10.0,10.0,10.0,10.0,10.0,10.0,10.0,11.0,11.0,11.0,9.0,9.0,9.0,10.0,10.0,10.0,10.0,9.0,9.0,9.0,9.0,12.0,12.0
*C/min,8.0,6.0,6.0,6.0,6.0,10.0,6.0,7.0,0.0,5.0,5.0,7.0,6.0,5.0,5.0,6.0,8.0,8.0,5.0,5.0,5.0,4.0,4.0,5.0,5.0,6.0,6.0,6.0,5.0,5.0,8.0,8.0,3.0,3.0,6.0,6.0,6.0,6.0,5.0,5.0,8.0,7.0,7.0,6.0,6.0,6.0,5.0,6.0,6.0,5.0,5.0,5.0,5.0,4.0,4.0,6.0,6.0,4.0,4.0,5.0,5.0,4.0,4.0,4.0,4.0,6.0,6.0,7.0,7.0,6.0,6.0,5.0,5.0,4.0,4.0,4.0,4.0,9.0,6.0,6.0,7.0,5.0,8.0,6.0,6.0,6.0,6.0,6.0,6.0,6.0,6.0,6.0,6.0,6.0,6.0,6.0,5.0,5.0,5.0,5.0,5.0,5.0,5.0,4.0,4.0,4.0,4.0,12.0,12.0
1/cm,8.0,7.0,4.0,7.0,5.0,11.0,6.0,10.0,5.0,0.0,0.0,7.0,5.0,4.0,3.0,5.0,7.0,7.0,3.0,3.0,2.0,4.0,4.0,4.0,4.0,6.0,6.0,4.0,4.0,4.0,7.0,7.0,4.0,4.0,6.0,6.0,6.0,6.0,5.0,5.0,8.0,6.0,6.0,5.0,5.0,5.0,3.0,5.0,5.0,3.0,3.0,3.0,2.0,4.0,4.0,4.0,4.0,5.0,5.0,2.0,2.0,3.0,3.0,3.0,3.0,6.0,6.0,7.0,7.0,6.0,6.0,2.0,2.0,3.0,3.0,3.0,3.0,9.0,4.0,4.0,5.0,4.0,7.0,5.0,4.0,4.0,4.0,4.0,4.0,6.0,6.0,5.0,6.0,5.0,5.0,6.0,5.0,3.0,3.0,1.0,1.0,1.0,1.0,2.0,2.0,3.0,3.0,14.0,14.0
1/cm,8.0,7.0,4.0,7.0,5.0,11.0,6.0,10.0,5.0,0.0,0.0,7.0,5.0,4.0,3.0,5.0,7.0,7.0,3.0,3.0,2.0,4.0,4.0,4.0,4.0,6.0,6.0,4.0,4.0,4.0,7.0,7.0,4.0,4.0,6.0,6.0,6.0,6.0,5.0,5.0,8.0,6.0,6.0,5.0,5.0,5.0,3.0,5.0,5.0,3.0,3.0,3.0,2.0,4.0,4.0,4.0,4.0,5.0,5.0,2.0,2.0,3.0,3.0,3.0,3.0,6.0,6.0,7.0,7.0,6.0,6.0,2.0,2.0,3.0,3.0,3.0,3.0,9.0,4.0,4.0,5.0,4.0,7.0,5.0,4.0,4.0,4.0,4.0,4.0,6.0,6.0,5.0,6.0,5.0,5.0,6.0,5.0,3.0,3.0,1.0,1.0,1.0,1.0,2.0,2.0,3.0,3.0,14.0,14.0
cm^(-1),8.0,6.0,6.0,6.0,7.0,12.0,7.0,10.0,7.0,7.0,7.0,0.0,2.0,3.0,7.0,5.0,3.0,3.0,6.0,6.0,7.0,6.0,6.0,7.0,7.0,2.0,2.0,4.0,6.0,6.0,9.0,9.0,6.0,6.0,7.0,7.0,6.0,6.0,6.0,6.0,9.0,4.0,4.0,7.0,7.0,7.0,7.0,6.0,5.0,7.0,6.0,6.0,7.0,6.0,6.0,4.0,4.0,7.0,7.0,7.0,7.0,7.0,7.0,7.0,7.0,7.0,7.0,7.0,7.0,5.0,5.0,7.0,7.0,7.0,7.0,6.0,6.0,9.0,7.0,7.0,6.0,7.0,6.0,6.0,7.0,7.0,7.0,6.0,7.0,7.0,7.0,7.0,7.0,4.0,4.0,4.0,5.0,5.0,5.0,7.0,7.0,7.0,7.0,7.0,7.0,7.0,7.0,13.0,13.0
cm^-1,7.0,6.0,4.0,6.0,5.0,12.0,6.0,10.0,6.0,5.0,5.0,2.0,0.0,1.0,5.0,3.0,5.0,5.0,4.0,4.0,5.0,4.0,4.0,5.0,5.0,4.0,4.0,2.0,4.0,4.0,9.0,9.0,4.0,4.0,7.0,7.0,6.0,6.0,5.0,5.0,8.0,4.0,4.0,5.0,5.0,5.0,5.0,6.0,6.0,5.0,4.0,4.0,5.0,4.0,4.0,2.0,2.0,6.0,6.0,5.0,5.0,5.0,5.0,5.0,5.0,6.0,6.0,7.0,7.0,3.0,3.0,5.0,5.0,5.0,5.0,5.0,5.0,9.0,5.0,5.0,5.0,5.0,6.0,4.0,5.0,5.0,5.0,4.0,5.0,6.0,7.0,5.0,7.0,2.0,2.0,2.0,3.0,5.0,5.0,5.0,5.0,5.0,5.0,5.0,5.0,5.0,5.0,14.0,14.0
cm-1,8.0,6.0,3.0,6.0,5.0,11.0,6.0,9.0,5.0,4.0,4.0,3.0,1.0,0.0,5.0,3.0,6.0,6.0,4.0,4.0,4.0,4.0,4.0,5.0,5.0,4.0,4.0,2.0,3.0,3.0,9.0,9.0,4.0,4.0,7.0,7.0,6.0,6.0,5.0,5.0,8.0,5.0,5.0,5.0,5.0,5.0,4.0,6.0,6.0,4.0,4.0,4.0,4.0,4.0,4.0,2.0,2.0,5.0,5.0,5.0,5.0,4.0,4.0,5.0,5.0,6.0,6.0,7.0,7.0,4.0,4.0,5.0,5.0,4.0,4.0,5.0,5.0,9.0,5.0,5.0,5.0,4.0,6.0,4.0,4.0,4.0,4.0,3.0,4.0,5.0,7.0,5.0,7.0,3.0,3.0,3.0,2.0,4.0,4.0,4.0,4.0,4.0,4.0,4.0,4.0,4.0,4.0,14.0,14.0
1/sec,8.0,6.0,5.0,6.0,5.0,10.0,5.0,10.0,5.0,3.0,3.0,7.0,5.0,5.0,0.0,5.0,9.0,9.0,5.0,5.0,4.0,4.0,4.0,5.0,5.0,6.0,6.0,5.0,5.0,5.0,8.0,8.0,4.0,4.0,6.0,6.0,6.0,6.0,6.0,6.0,9.0,7.0,7.0,5.0,5.0,5.0,4.0,5.0,5.0,4.0,5.0,5.0,4.0,4.0,4.0,5.0,5.0,5.0,5.0,5.0,5.0,5.0,5.0,5.0,5.0,6.0,6.0,6.0,6.0,6.0,6.0,5.0,5.0,5.0,5.0,5.0,5.0,9.0,5.0,5.0,5.0,5.0,7.0,5.0,5.0,5.0,5.0,5.0,5.0,3.0,3.0,5.0,3.0,7.0,7.0,6.0,5.0,5.0,5.0,4.0,4.0,4.0,4.0,4.0,4.0,4.0,4.0,13.0,13.0
sec^-1,7.0,6.0,5.0,6.0,5.0,10.0,5.0,10.0,6.0,5.0,5.0,5.0,3.0,3.0,5.0,0.0,6.0,6.0,5.0,5.0,5.0,5.0,5.0,6.0,6.0,5.0,5.0,3.0,6.0,6.0,9.0,9.0,5.0,5.0,7.0,7.0,7.0,7.0,7.0,7.0,10.0,7.0,7.0,6.0,6.0,5.0,6.0,6.0,6.0,6.0,5.0,5.0,5.0,5.0,5.0,3.0,3.0,6.0,6.0,6.0,6.0,6.0,6.0,6.0,6.0,6.0,6.0,7.0,7.0,3.0,3.0,6.0,6.0,6.0,6.0,6.0,6.0,9.0,6.0,6.0,6.0,6.0,7.0,5.0,6.0,6.0,6.0,5.0,6.0,6.0,7.0,6.0,7.0,3.0,3.0,3.0,3.0,4.0,4.0,5.0,5.0,5.0,5.0,6.0,6.0,6.0,6.0,14.0,14.0
A cm^(-2),9.0,8.0,8.0,8.0,9.0,11.0,9.0,11.0,8.0,7.0,7.0,3.0,5.0,6.0,9.0,6.0,0.0,0.0,4.0,4.0,5.0,5.0,5.0,5.0,5.0,4.0,4.0,6.0,8.0,8.0,9.0,9.0,7.0,7.0,9.0,9.0,8.0,8.0,7.0,7.0,10.0,6.0,6.0,9.0,9.0,9.0,9.0,8.0,7.0,9.0,6.0,6.0,7.0,7.0,7.0,7.0,7.0,8.0,8.0,8.0,8.0,8.0,8.0,8.0,8.0,9.0,9.0,9.0,9.0,7.0,7.0,8.0,8.0,8.0,8.0,8.0,8.0,9.0,8.0,8.0,7.0,8.0,7.0,7.0,9.0,9.0,9.0,8.0,9.0,9.0,9.0,9.0,9.0,4.0,4.0,5.0,7.0,6.0,6.0,7.0,7.0,7.0,7.0,8.0,8.0,8.0,8.0,13.0,13.0
A cm^(-2),9.0,8.0,8.0,8.0,9.0,11.0,9.0,11.0,8.0,7.0,7.0,3.0,5.0,6.0,9.0,6.0,0.0,0.0,4.0,4.0,5.0,5.0,5.0,5.0,5.0,4.0,4.0,6.0,8.0,8.0,9.0,9.0,7.0,7.0,9.0,9.0,8.0,8.0,7.0,7.0,10.0,6.0,6.0,9.0,9.0,9.0,9.0,8.0,7.0,9.0,6.0,6.0,7.0,7.0,7.0,7.0,7.0,8.0,8.0,8.0,8.0,8.0,8.0,8.0,8.0,9.0,9.0,9.0,9.0,7.0,7.0,8.0,8.0,8.0,8.0,8.0,8.0,9.0,8.0,8.0,7.0,8.0,7.0,7.0,9.0,9.0,9.0,8.0,9.0,9.0,9.0,9.0,9.0,4.0,4.0,5.0,7.0,6.0,6.0,7.0,7.0,7.0,7.0,8.0,8.0,8.0,8.0,13.0,13.0
A/cm^2,9.0,7.0,5.0,7.0,6.0,11.0,6.0,10.0,5.0,3.0,3.0,6.0,4.0,4.0,5.0,5.0,4.0,4.0,0.0,0.0,1.0,1.0,1.0,1.0,1.0,5.0,5.0,5.0,5.0,5.0,7.0,7.0,3.0,3.0,7.0,7.0,7.0,7.0,3.0,3.0,6.0,5.0,5.0,6.0,6.0,6.0,5.0,5.0,5.0,5.0,2.0,2.0,3.0,3.0,3.0,6.0,6.0,5.0,5.0,4.0,4.0,5.0,5.0,5.0,5.0,6.0,6.0,7.0,7.0,6.0,6.0,4.0,4.0,5.0,5.0,5.0,5.0,9.0,6.0,6.0,7.0,5.0,8.0,6.0,6.0,6.0,6.0,6.0,6.0,6.0,7.0,6.0,7.0,4.0,4.0,5.0,5.0,4.0,4.0,3.0,3.0,3.0,3.0,4.0,4.0,4.0,4.0,14.0,14.0
A/cm^2,9.0,7.0,5.0,7.0,6.0,11.0,6.0,10.0,5.0,3.0,3.0,6.0,4.0,4.0,5.0,5.0,4.0,4.0,0.0,0.0,1.0,1.0,1.0,1.0,1.0,5.0,5.0,5.0,5.0,5.0,7.0,7.0,3.0,3.0,7.0,7.0,7.0,7.0,3.0,3.0,6.0,5.0,5.0,6.0,6.0,6.0,5.0,5.0,5.0,5.0,2.0,2.0,3.0,3.0,3.0,6.0,6.0,5.0,5.0,4.0,4.0,5.0,5.0,5.0,5.0,6.0,6.0,7.0,7.0,6.0,6.0,4.0,4.0,5.0,5.0,5.0,5.0,9.0,6.0,6.0,7.0,5.0,8.0,6.0,6.0,6.0,6.0,6.0,6.0,6.0,7.0,6.0,7.0,4.0,4.0,5.0,5.0,4.0,4.0,3.0,3.0,3.0,3.0,4.0,4.0,4.0,4.0,14.0,14.0
A/cm2,9.0,7.0,5.0,7.0,5.0,11.0,6.0,10.0,5.0,2.0,2.0,7.0,5.0,4.0,4.0,5.0,5.0,5.0,1.0,1.0,0.0,2.0,2.0,2.0,2.0,5.0,5.0,4.0,5.0,5.0,6.0,6.0,4.0,4.0,6.0,6.0,6.0,6.0,4.0,4.0,7.0,6.0,6.0,5.0,5.0,5.0,4.0,5.0,5.0,4.0,3.0,3.0,2.0,4.0,4.0,5.0,5.0,5.0,5.0,3.0,3.0,4.0,4.0,4.0,4.0,6.0,6.0,7.0,7.0,6.0,6.0,3.0,3.0,4.0,4.0,4.0,4.0,9.0,5.0,5.0,6.0,5.0,8.0,6.0,5.0,5.0,5.0,5.0,5.0,6.0,6.0,5.0,6.0,5.0,5.0,6.0,5.0,3.0,3.0,2.0,2.0,2.0,2.0,3.0,3.0,3.0,3.0,14.0,14.0
A/m^2,8.0,7.0,5.0,7.0,5.0,12.0,6.0,9.0,4.0,4.0,4.0,6.0,4.0,4.0,4.0,5.0,5.0,5.0,1.0,1.0,2.0,0.0,0.0,1.0,1.0,5.0,5.0,4.0,4.0,4.0,7.0,7.0,2.0,2.0,6.0,6.0,6.0,6.0,3.0,3.0,6.0,5.0,5.0,5.0,5.0,5.0,4.0,5.0,5.0,4.0,3.0,3.0,4.0,2.0,2.0,5.0,5.0,4.0,4.0,5.0,5.0,4.0,4.0,4.0,4.0,6.0,6.0,7.0,7.0,5.0,5.0,5.0,5.0,4.0,4.0,4.0,4.0,9.0,5.0,5.0,6.0,4.0,7.0,5.0,5.0,5.0,5.0,5.0,5.0,6.0,6.0,5.0,6.0,5.0,5.0,4.0,4.0,5.0,5.0,4.0,4.0,4.0,4.0,3.0,3.0,3.0,3.0,14.0,14.0
A/m^2,8.0,7.0,5.0,7.0,5.0,12.0,6.0,9.0,4.0,4.0,4.0,6.0,4.0,4.0,4.0,5.0,5.0,5.0,1.0,1.0,2.0,0.0,0.0,1.0,1.0,5.0,5.0,4.0,4.0,4.0,7.0,7.0,2.0,2.0,6.0,6.0,6.0,6.0,3.0,3.0,6.0,5.0,5.0,5.0,5.0,5.0,4.0,5.0,5.0,4.0,3.0,3.0,4.0,2.0,2.0,5.0,5.0,4.0,4.0,5.0,5.0,4.0,4.0,4.0,4.0,6.0,6.0,7.0,7.0,5.0,5.0,5.0,5.0,4.0,4.0,4.0,4.0,9.0,5.0,5.0,6.0,4.0,7.0,5.0,5.0,5.0,5.0,5.0,5.0,6.0,6.0,5.0,6.0,5.0,5.0,4.0,4.0,5.0,5.0,4.0,4.0,4.0,4.0,3.0,3.0,3.0,3.0,14.0,14.0
A/mm^2,9.0,7.0,6.0,7.0,6.0,12.0,6.0,10.0,5.0,4.0,4.0,7.0,5.0,5.0,5.0,6.0,5.0,5.0,1.0,1.0,2.0,1.0,1.0,0.0,0.0,5.0,5.0,5.0,5.0,5.0,7.0,7.0,3.0,3.0,7.0,7.0,7.0,7.0,3.0,3.0,6.0,6.0,6.0,6.0,6.0,6.0,5.0,5.0,5.0,5.0,3.0,3.0,4.0,3.0,3.0,6.0,6.0,5.0,5.0,5.0,5.0,5.0,5.0,4.0,4.0,6.0,6.0,7.0,7.0,6.0,6.0,5.0,5.0,5.0,5.0,4.0,4.0,9.0,5.0,5.0,6.0,5.0,7.0,5.0,6.0,6.0,6.0,6.0,6.0,6.0,7.0,6.0,7.0,5.0,5.0,5.0,5.0,5.0,5.0,4.0,4.0,4.0,4.0,3.0,3.0,4.0,4.0,14.0,14.0
A/mm^2,9.0,7.0,6.0,7.0,6.0,12.0,6.0,10.0,5.0,4.0,4.0,7.0,5.0,5.0,5.0,6.0,5.0,5.0,1.0,1.0,2.0,1.0,1.0,0.0,0.0,5.0,5.0,5.0,5.0,5.0,7.0,7.0,3.0,3.0,7.0,7.0,7.0,7.0,3.0,3.0,6.0,6.0,6.0,6.0,6.0,6.0,5.0,5.0,5.0,5.0,3.0,3.0,4.0,3.0,3.0,6.0,6.0,5.0,5.0,5.0,5.0,5.0,5.0,4.0,4.0,6.0,6.0,7.0,7.0,6.0,6.0,5.0,5.0,5.0,5.0,4.0,4.0,9.0,5.0,5.0,6.0,5.0,7.0,5.0,6.0,6.0,6.0,6.0,6.0,6.0,7.0,6.0,7.0,5.0,5.0,5.0,5.0,5.0,5.0,4.0,4.0,4.0,4.0,3.0,3.0,4.0,4.0,14.0,14.0
A^(-1),8.0,7.0,6.0,7.0,6.0,12.0,6.0,11.0,6.0,6.0,6.0,2.0,4.0,4.0,6.0,5.0,4.0,4.0,5.0,5.0,5.0,5.0,5.0,5.0,5.0,0.0,0.0,2.0,6.0,6.0,9.0,9.0,6.0,6.0,7.0,7.0,7.0,7.0,7.0,7.0,10.0,6.0,6.0,6.0,6.0,6.0,6.0,5.0,4.0,6.0,6.0,6.0,6.0,6.0,6.0,3.0,3.0,6.0,6.0,6.0,6.0,6.0,6.0,6.0,6.0,6.0,6.0,7.0,7.0,5.0,5.0,6.0,6.0,6.0,6.0,6.0,6.0,10.0,6.0,6.0,6.0,6.0,7.0,6.0,6.0,6.0,6.0,5.0,6.0,6.0,7.0,6.0,7.0,6.0,6.0,5.0,4.0,4.0,4.0,6.0,6.0,6.0,6.0,6.0,6.0,6.0,6.0,14.0,14.0
A^(-1),8.0,7.0,6.0,7.0,6.0,12.0,6.0,11.0,6.0,6.0,6.0,2.0,4.0,4.0,6.0,5.0,4.0,4.0,5.0,5.0,5.0,5.0,5.0,5.0,5.0,0.0,0.0,2.0,6.0,6.0,9.0,9.0,6.0,6.0,7.0,7.0,7.0,7.0,7.0,7.0,10.0,6.0,6.0,6.0,6.0,6.0,6.0,5.0,4.0,6.0,6.0,6.0,6.0,6.0,6.0,3.0,3.0,6.0,6.0,6.0,6.0,6.0,6.0,6.0,6.0,6.0,6.0,7.0,7.0,5.0,5.0,6.0,6.0,6.0,6.0,6.0,6.0,10.0,6.0,6.0,6.0,6.0,7.0,6.0,6.0,6.0,6.0,5.0,6.0,6.0,7.0,6.0,7.0,6.0,6.0,5.0,4.0,4.0,4.0,6.0,6.0,6.0,6.0,6.0,6.0,6.0,6.0,14.0,14.0
A^-1,7.0,7.0,4.0,7.0,5.0,12.0,6.0,11.0,6.0,4.0,4.0,4.0,2.0,2.0,5.0,3.0,6.0,6.0,5.0,5.0,4.0,4.0,4.0,5.0,5.0,2.0,2.0,0.0,4.0,4.0,9.0,9.0,5.0,5.0,7.0,7.0,7.0,7.0,7.0,7.0,10.0,6.0,6.0,5.0,5.0,5.0,4.0,6.0,6.0,4.0,6.0,6.0,5.0,5.0,5.0,1.0,1.0,6.0,6.0,5.0,5.0,4.0,4.0,5.0,5.0,6.0,6.0,7.0,7.0,3.0,3.0,5.0,5.0,4.0,4.0,5.0,5.0,10.0,6.0,6.0,6.0,5.0,7.0,5.0,4.0,4.0,4.0,3.0,4.0,5.0,7.0,5.0,7.0,4.0,4.0,3.0,3.0,5.0,5.0,4.0,4.0,4.0,4.0,4.0,4.0,4.0,4.0,15.0,15.0
amps,9.0,6.0,4.0,6.0,5.0,11.0,6.0,10.0,5.0,4.0,4.0,6.0,4.0,3.0,5.0,6.0,8.0,8.0,5.0,5.0,5.0,4.0,4.0,5.0,5.0,6.0,6.0,4.0,0.0,0.0,8.0,8.0,4.0,4.0,6.0,6.0,5.0,5.0,6.0,6.0,8.0,5.0,5.0,4.0,4.0,5.0,4.0,6.0,6.0,4.0,5.0,5.0,5.0,4.0,4.0,4.0,4.0,5.0,5.0,5.0,5.0,4.0,4.0,5.0,5.0,6.0,6.0,6.0,6.0,6.0,6.0,5.0,5.0,4.0,4.0,5.0,5.0,7.0,5.0,5.0,6.0,4.0,7.0,5.0,3.0,3.0,3.0,3.0,3.0,5.0,5.0,3.0,5.0,6.0,6.0,5.0,4.0,5.0,5.0,4.0,4.0,4.0,4.0,4.0,4.0,4.0,4.0,13.0,13.0
amps,9.0,6.0,4.0,6.0,5.0,11.0,6.0,10.0,5.0,4.0,4.0,6.0,4.0,3.0,5.0,6.0,8.0,8.0,5.0,5.0,5.0,4.0,4.0,5.0,5.0,6.0,6.0,4.0,0.0,0.0,8.0,8.0,4.0,4.0,6.0,6.0,5.0,5.0,6.0,6.0,8.0,5.0,5.0,4.0,4.0,5.0,4.0,6.0,6.0,4.0,5.0,5.0,5.0,4.0,4.0,4.0,4.0,5.0,5.0,5.0,5.0,4.0,4.0,5.0,5.0,6.0,6.0,6.0,6.0,6.0,6.0,5.0,5.0,4.0,4.0,5.0,5.0,7.0,5.0,5.0,6.0,4.0,7.0,5.0,3.0,3.0,3.0,3.0,3.0,5.0,5.0,3.0,5.0,6.0,6.0,5.0,4.0,5.0,5.0,4.0,4.0,4.0,4.0,4.0,4.0,4.0,4.0,13.0,13.0
bonds/nm2,9.0,8.0,9.0,8.0,8.0,12.0,8.0,9.0,8.0,7.0,7.0,9.0,9.0,9.0,8.0,9.0,9.0,9.0,7.0,7.0,6.0,7.0,7.0,7.0,7.0,9.0,9.0,9.0,8.0,8.0,0.0,0.0,8.0,8.0,8.0,8.0,8.0,8.0,6.0,6.0,6.0,8.0,8.0,7.0,7.0,9.0,8.0,9.0,9.0,8.0,8.0,8.0,7.0,8.0,8.0,9.0,9.0,8.0,8.0,7.0,7.0,7.0,7.0,7.0,7.0,8.0,8.0,8.0,8.0,8.0,8.0,7.0,7.0,7.0,7.0,7.0,7.0,9.0,7.0,7.0,6.0,7.0,7.0,6.0,8.0,8.0,8.0,8.0,8.0,8.0,7.0,7.0,7.0,9.0,9.0,9.0,8.0,7.0,7.0,7.0,7.0,7.0,7.0,7.0,7.0,7.0,7.0,13.0,13.0
bonds/nm2,9.0,8.0,9.0,8.0,8.0,12.0,8.0,9.0,8.0,7.0,7.0,9.0,9.0,9.0,8.0,9.0,9.0,9.0,7.0,7.0,6.0,7.0,7.0,7.0,7.0,9.0,9.0,9.0,8.0,8.0,0.0,0.0,8.0,8.0,8.0,8.0,8.0,8.0,6.0,6.0,6.0,8.0,8.0,7.0,7.0,9.0,8.0,9.0,9.0,8.0,8.0,8.0,7.0,8.0,8.0,9.0,9.0,8.0,8.0,7.0,7.0,7.0,7.0,7.0,7.0,8.0,8.0,8.0,8.0,8.0,8.0,7.0,7.0,7.0,7.0,7.0,7.0,9.0,7.0,7.0,6.0,7.0,7.0,6.0,8.0,8.0,8.0,8.0,8.0,8.0,7.0,7.0,7.0,9.0,9.0,9.0,8.0,7.0,7.0,7.0,7.0,7.0,7.0,7.0,7.0,7.0,7.0,13.0,13.0
C/m^3,8.0,7.0,5.0,7.0,5.0,11.0,6.0,9.0,3.0,4.0,4.0,6.0,4.0,4.0,4.0,5.0,7.0,7.0,3.0,3.0,4.0,2.0,2.0,3.0,3.0,6.0,6.0,5.0,4.0,4.0,8.0,8.0,0.0,0.0,5.0,5.0,6.0,6.0,4.0,4.0,7.0,6.0,6.0,5.0,5.0,5.0,4.0,5.0,5.0,4.0,2.0,2.0,3.0,1.0,1.0,5.0,5.0,4.0,4.0,5.0,5.0,4.0,4.0,4.0,4.0,6.0,6.0,7.0,7.0,5.0,5.0,5.0,5.0,4.0,4.0,4.0,4.0,9.0,5.0,5.0,6.0,4.0,7.0,5.0,5.0,5.0,5.0,5.0,5.0,6.0,6.0,5.0,6.0,5.0,5.0,4.0,4.0,5.0,5.0,4.0,4.0,4.0,4.0,3.0,3.0,3.0,3.0,14.0,14.0
C/m^3,8.0,7.0,5.0,7.0,5.0,11.0,6.0,9.0,3.0,4.0,4.0,6.0,4.0,4.0,4.0,5.0,7.0,7.0,3.0,3.0,4.0,2.0,2.0,3.0,3.0,6.0,6.0,5.0,4.0,4.0,8.0,8.0,0.0,0.0,5.0,5.0,6.0,6.0,4.0,4.0,7.0,6.0,6.0,5.0,5.0,5.0,4.0,5.0,5.0,4.0,2.0,2.0,3.0,1.0,1.0,5.0,5.0,4.0,4.0,5.0,5.0,4.0,4.0,4.0,4.0,6.0,6.0,7.0,7.0,5.0,5.0,5.0,5.0,4.0,4.0,4.0,4.0,9.0,5.0,5.0,6.0,4.0,7.0,5.0,5.0,5.0,5.0,5.0,5.0,6.0,6.0,5.0,6.0,5.0,5.0,4.0,4.0,5.0,5.0,4.0,4.0,4.0,4.0,3.0,3.0,3.0,3.0,14.0,14.0
Cal/g*C,9.0,6.0,6.0,6.0,5.0,10.0,7.0,9.0,6.0,6.0,6.0,7.0,7.0,7.0,6.0,7.0,9.0,9.0,7.0,7.0,6.0,6.0,6.0,7.0,7.0,7.0,7.0,7.0,6.0,6.0,8.0,8.0,5.0,5.0,0.0,0.0,3.0,3.0,7.0,7.0,8.0,7.0,7.0,7.0,7.0,7.0,5.0,5.0,6.0,5.0,7.0,7.0,6.0,6.0,6.0,7.0,7.0,6.0,6.0,6.0,6.0,6.0,6.0,6.0,6.0,6.0,6.0,7.0,7.0,7.0,7.0,6.0,6.0,6.0,6.0,6.0,6.0,9.0,7.0,7.0,7.0,6.0,8.0,7.0,5.0,6.0,5.0,6.0,6.0,6.0,5.0,5.0,5.0,7.0,7.0,7.0,7.0,7.0,7.0,6.0,6.0,6.0,6.0,6.0,6.0,6.0,6.0,14.0,14.0
Cal/g*C,9.0,6.0,6.0,6.0,5.0,10.0,7.0,9.0,6.0,6.0,6.0,7.0,7.0,7.0,6.0,7.0,9.0,9.0,7.0,7.0,6.0,6.0,6.0,7.0,7.0,7.0,7.0,7.0,6.0,6.0,8.0,8.0,5.0,5.0,0.0,0.0,3.0,3.0,7.0,7.0,8.0,7.0,7.0,7.0,7.0,7.0,5.0,5.0,6.0,5.0,7.0,7.0,6.0,6.0,6.0,7.0,7.0,6.0,6.0,6.0,6.0,6.0,6.0,6.0,6.0,6.0,6.0,7.0,7.0,7.0,7.0,6.0,6.0,6.0,6.0,6.0,6.0,9.0,7.0,7.0,7.0,6.0,8.0,7.0,5.0,6.0,5.0,6.0,6.0,6.0,5.0,5.0,5.0,7.0,7.0,7.0,7.0,7.0,7.0,6.0,6.0,6.0,6.0,6.0,6.0,6.0,6.0,14.0,14.0
cal/g.s,9.0,4.0,4.0,4.0,6.0,10.0,7.0,8.0,6.0,6.0,6.0,6.0,6.0,6.0,6.0,7.0,8.0,8.0,7.0,7.0,6.0,6.0,6.0,7.0,7.0,7.0,7.0,7.0,5.0,5.0,8.0,8.0,6.0,6.0,3.0,3.0,0.0,0.0,6.0,6.0,7.0,5.0,5.0,6.0,6.0,7.0,5.0,6.0,6.0,5.0,7.0,7.0,6.0,6.0,6.0,7.0,7.0,6.0,6.0,6.0,6.0,6.0,6.0,6.0,6.0,6.0,6.0,6.0,6.0,7.0,7.0,6.0,6.0,6.0,6.0,6.0,6.0,8.0,7.0,7.0,7.0,7.0,8.0,7.0,5.0,5.0,5.0,5.0,4.0,6.0,5.0,4.0,5.0,7.0,7.0,7.0,7.0,7.0,7.0,6.0,6.0,6.0,6.0,6.0,6.0,6.0,6.0,14.0,14.0
cal/g.s,9.0,4.0,4.0,4.0,6.0,10.0,7.0,8.0,6.0,6.0,6.0,6.0,6.0,6.0,6.0,7.0,8.0,8.0,7.0,7.0,6.0,6.0,6.0,7.0,7.0,7.0,7.0,7.0,5.0,5.0,8.0,8.0,6.0,6.0,3.0,3.0,0.0,0.0,6.0,6.0,7.0,5.0,5.0,6.0,6.0,7.0,5.0,6.0,6.0,5.0,7.0,7.0,6.0,6.0,6.0,7.0,7.0,6.0,6.0,6.0,6.0,6.0,6.0,6.0,6.0,6.0,6.0,6.0,6.0,7.0,7.0,6.0,6.0,6.0,6.0,6.0,6.0,8.0,7.0,7.0,7.0,7.0,8.0,7.0,5.0,5.0,5.0,5.0,4.0,6.0,5.0,4.0,5.0,7.0,7.0,7.0,7.0,7.0,7.0,6.0,6.0,6.0,6.0,6.0,6.0,6.0,6.0,14.0,14.0
ch/nm^2,9.0,6.0,6.0,6.0,7.0,12.0,7.0,9.0,5.0,5.0,5.0,6.0,5.0,5.0,6.0,7.0,7.0,7.0,3.0,3.0,4.0,3.0,3.0,3.0,3.0,7.0,7.0,7.0,6.0,6.0,6.0,6.0,4.0,4.0,7.0,7.0,6.0,6.0,0.0,0.0,3.0,6.0,6.0,6.0,6.0,7.0,6.0,6.0,6.0,6.0,4.0,4.0,5.0,4.0,4.0,7.0,7.0,5.0,5.0,5.0,5.0,5.0,5.0,5.0,5.0,7.0,7.0,7.0,7.0,6.0,6.0,5.0,5.0,5.0,5.0,5.0,5.0,9.0,6.0,6.0,6.0,5.0,7.0,6.0,7.0,7.0,7.0,7.0,7.0,7.0,7.0,7.0,7.0,6.0,6.0,6.0,6.0,6.0,6.0,5.0,5.0,5.0,5.0,5.0,5.0,5.0,5.0,14.0,14.0
ch/nm^2,9.0,6.0,6.0,6.0,7.0,12.0,7.0,9.0,5.0,5.0,5.0,6.0,5.0,5.0,6.0,7.0,7.0,7.0,3.0,3.0,4.0,3.0,3.0,3.0,3.0,7.0,7.0,7.0,6.0,6.0,6.0,6.0,4.0,4.0,7.0,7.0,6.0,6.0,0.0,0.0,3.0,6.0,6.0,6.0,6.0,7.0,6.0,6.0,6.0,6.0,4.0,4.0,5.0,4.0,4.0,7.0,7.0,5.0,5.0,5.0,5.0,5.0,5.0,5.0,5.0,7.0,7.0,7.0,7.0,6.0,6.0,5.0,5.0,5.0,5.0,5.0,5.0,9.0,6.0,6.0,6.0,5.0,7.0,6.0,7.0,7.0,7.0,7.0,7.0,7.0,7.0,7.0,7.0,6.0,6.0,6.0,6.0,6.0,6.0,5.0,5.0,5.0,5.0,5.0,5.0,5.0,5.0,14.0,14.0
chain/nm^2,10.0,9.0,9.0,9.0,10.0,12.0,10.0,8.0,8.0,8.0,8.0,9.0,8.0,8.0,9.0,10.0,10.0,10.0,6.0,6.0,7.0,6.0,6.0,6.0,6.0,10.0,10.0,10.0,8.0,8.0,6.0,6.0,7.0,7.0,8.0,8.0,7.0,7.0,3.0,3.0,0.0,8.0,8.0,9.0,9.0,10.0,9.0,9.0,9.0,9.0,7.0,7.0,8.0,7.0,7.0,10.0,10.0,8.0,8.0,8.0,8.0,8.0,8.0,8.0,8.0,10.0,10.0,8.0,8.0,8.0,8.0,8.0,8.0,8.0,8.0,8.0,8.0,10.0,8.0,8.0,8.0,8.0,8.0,8.0,9.0,9.0,9.0,9.0,9.0,9.0,8.0,8.0,8.0,9.0,9.0,9.0,9.0,9.0,9.0,8.0,8.0,8.0,8.0,8.0,8.0,8.0,8.0,13.0,13.0
cm^2/Vs,8.0,5.0,6.0,5.0,7.0,11.0,7.0,9.0,7.0,6.0,6.0,4.0,4.0,5.0,7.0,7.0,6.0,6.0,5.0,5.0,6.0,5.0,5.0,6.0,6.0,6.0,6.0,6.0,5.0,5.0,8.0,8.0,6.0,6.0,7.0,7.0,5.0,5.0,6.0,6.0,8.0,0.0,0.0,6.0,6.0,7.0,6.0,7.0,7.0,6.0,6.0,6.0,7.0,6.0,6.0,6.0,6.0,7.0,7.0,6.0,6.0,6.0,6.0,6.0,6.0,7.0,7.0,6.0,6.0,6.0,6.0,6.0,6.0,6.0,6.0,5.0,5.0,8.0,7.0,7.0,7.0,7.0,7.0,7.0,6.0,6.0,6.0,6.0,6.0,7.0,7.0,5.0,7.0,6.0,6.0,6.0,7.0,7.0,7.0,6.0,6.0,6.0,6.0,6.0,6.0,6.0,6.0,13.0,13.0
cm^2/Vs,8.0,5.0,6.0,5.0,7.0,11.0,7.0,9.0,7.0,6.0,6.0,4.0,4.0,5.0,7.0,7.0,6.0,6.0,5.0,5.0,6.0,5.0,5.0,6.0,6.0,6.0,6.0,6.0,5.0,5.0,8.0,8.0,6.0,6.0,7.0,7.0,5.0,5.0,6.0,6.0,8.0,0.0,0.0,6.0,6.0,7.0,6.0,7.0,7.0,6.0,6.0,6.0,7.0,6.0,6.0,6.0,6.0,7.0,7.0,6.0,6.0,6.0,6.0,6.0,6.0,7.0,7.0,6.0,6.0,6.0,6.0,6.0,6.0,6.0,6.0,5.0,5.0,8.0,7.0,7.0,7.0,7.0,7.0,7.0,6.0,6.0,6.0,6.0,6.0,7.0,7.0,5.0,7.0,6.0,6.0,6.0,7.0,7.0,7.0,6.0,6.0,6.0,6.0,6.0,6.0,6.0,6.0,13.0,13.0
hours,9.0,6.0,5.0,6.0,5.0,11.0,5.0,10.0,6.0,5.0,5.0,7.0,5.0,5.0,5.0,6.0,9.0,9.0,6.0,6.0,5.0,5.0,5.0,6.0,6.0,6.0,6.0,5.0,4.0,4.0,7.0,7.0,5.0,5.0,7.0,7.0,6.0,6.0,6.0,6.0,9.0,6.0,6.0,0.0,0.0,5.0,5.0,6.0,6.0,5.0,6.0,6.0,5.0,5.0,5.0,5.0,5.0,6.0,6.0,5.0,5.0,5.0,5.0,5.0,5.0,5.0,5.0,5.0,5.0,6.0,6.0,5.0,5.0,5.0,5.0,5.0,5.0,7.0,5.0,5.0,6.0,5.0,7.0,5.0,4.0,4.0,4.0,4.0,4.0,6.0,6.0,4.0,6.0,7.0,7.0,6.0,5.0,5.0,5.0,5.0,5.0,5.0,5.0,5.0,5.0,5.0,5.0,13.0,13.0
hours,9.0,6.0,5.0,6.0,5.0,11.0,5.0,10.0,6.0,5.0,5.0,7.0,5.0,5.0,5.0,6.0,9.0,9.0,6.0,6.0,5.0,5.0,5.0,6.0,6.0,6.0,6.0,5.0,4.0,4.0,7.0,7.0,5.0,5.0,7.0,7.0,6.0,6.0,6.0,6.0,9.0,6.0,6.0,0.0,0.0,5.0,5.0,6.0,6.0,5.0,6.0,6.0,5.0,5.0,5.0,5.0,5.0,6.0,6.0,5.0,5.0,5.0,5.0,5.0,5.0,5.0,5.0,5.0,5.0,6.0,6.0,5.0,5.0,5.0,5.0,5.0,5.0,7.0,5.0,5.0,6.0,5.0,7.0,5.0,4.0,4.0,4.0,4.0,4.0,6.0,6.0,4.0,6.0,7.0,7.0,6.0,5.0,5.0,5.0,5.0,5.0,5.0,5.0,5.0,5.0,5.0,5.0,13.0,13.0
Hertz,9.0,6.0,4.0,6.0,4.0,11.0,4.0,10.0,6.0,5.0,5.0,7.0,5.0,5.0,5.0,5.0,9.0,9.0,6.0,6.0,5.0,5.0,5.0,6.0,6.0,6.0,6.0,5.0,5.0,5.0,9.0,9.0,5.0,5.0,7.0,7.0,7.0,7.0,7.0,7.0,10.0,7.0,7.0,5.0,5.0,0.0,5.0,6.0,6.0,5.0,6.0,6.0,5.0,5.0,5.0,5.0,5.0,6.0,6.0,5.0,5.0,5.0,5.0,5.0,5.0,5.0,5.0,6.0,6.0,6.0,6.0,5.0,5.0,5.0,5.0,5.0,5.0,9.0,6.0,6.0,7.0,5.0,8.0,6.0,5.0,5.0,5.0,5.0,5.0,6.0,7.0,5.0,7.0,7.0,7.0,6.0,5.0,5.0,5.0,5.0,5.0,5.0,5.0,5.0,5.0,5.0,5.0,14.0,14.0
J/gK,9.0,7.0,4.0,7.0,4.0,11.0,5.0,10.0,5.0,3.0,3.0,7.0,5.0,4.0,4.0,6.0,9.0,9.0,5.0,5.0,4.0,4.0,4.0,5.0,5.0,6.0,6.0,4.0,4.0,4.0,8.0,8.0,4.0,4.0,5.0,5.0,5.0,5.0,6.0,6.0,9.0,6.0,6.0,5.0,5.0,5.0,0.0,2.0,4.0,0.0,4.0,4.0,3.0,3.0,3.0,4.0,4.0,5.0,5.0,4.0,4.0,4.0,4.0,4.0,4.0,5.0,5.0,7.0,7.0,6.0,6.0,4.0,4.0,4.0,4.0,4.0,4.0,10.0,6.0,6.0,7.0,5.0,8.0,6.0,4.0,4.0,4.0,4.0,4.0,6.0,6.0,5.0,6.0,7.0,7.0,6.0,5.0,5.0,5.0,3.0,3.0,3.0,3.0,3.0,3.0,2.0,2.0,15.0,15.0
J/(g*K,9.0,7.0,6.0,7.0,5.0,12.0,6.0,11.0,6.0,5.0,5.0,6.0,6.0,6.0,5.0,6.0,8.0,8.0,5.0,5.0,5.0,5.0,5.0,5.0,5.0,5.0,5.0,6.0,6.0,6.0,9.0,9.0,5.0,5.0,5.0,5.0,6.0,6.0,6.0,6.0,9.0,7.0,7.0,6.0,6.0,6.0,2.0,0.0,3.0,2.0,4.0,4.0,4.0,4.0,4.0,6.0,6.0,6.0,6.0,6.0,6.0,6.0,6.0,6.0,6.0,6.0,6.0,7.0,7.0,6.0,6.0,6.0,6.0,6.0,6.0,6.0,6.0,10.0,6.0,6.0,7.0,5.0,8.0,6.0,5.0,6.0,5.0,6.0,6.0,6.0,7.0,6.0,7.0,7.0,7.0,6.0,6.0,5.0,5.0,5.0,5.0,5.0,5.0,5.0,5.0,4.0,4.0,15.0,15.0
j/(gk),9.0,7.0,6.0,7.0,5.0,12.0,6.0,11.0,6.0,5.0,5.0,5.0,6.0,6.0,5.0,6.0,7.0,7.0,5.0,5.0,5.0,5.0,5.0,5.0,5.0,4.0,4.0,6.0,6.0,6.0,9.0,9.0,5.0,5.0,6.0,6.0,6.0,6.0,6.0,6.0,9.0,7.0,7.0,6.0,6.0,6.0,4.0,3.0,0.0,4.0,5.0,5.0,5.0,5.0,5.0,6.0,6.0,6.0,6.0,6.0,6.0,6.0,6.0,6.0,6.0,6.0,6.0,7.0,7.0,6.0,6.0,6.0,6.0,6.0,6.0,6.0,6.0,10.0,6.0,6.0,7.0,6.0,8.0,6.0,6.0,6.0,6.0,6.0,6.0,6.0,7.0,6.0,7.0,7.0,7.0,6.0,6.0,4.0,4.0,5.0,5.0,5.0,5.0,5.0,5.0,5.0,5.0,14.0,14.0
J/gK,9.0,7.0,4.0,7.0,4.0,11.0,5.0,10.0,5.0,3.0,3.0,7.0,5.0,4.0,4.0,6.0,9.0,9.0,5.0,5.0,4.0,4.0,4.0,5.0,5.0,6.0,6.0,4.0,4.0,4.0,8.0,8.0,4.0,4.0,5.0,5.0,5.0,5.0,6.0,6.0,9.0,6.0,6.0,5.0,5.0,5.0,0.0,2.0,4.0,0.0,4.0,4.0,3.0,3.0,3.0,4.0,4.0,5.0,5.0,4.0,4.0,4.0,4.0,4.0,4.0,5.0,5.0,7.0,7.0,6.0,6.0,4.0,4.0,4.0,4.0,4.0,4.0,10.0,6.0,6.0,7.0,5.0,8.0,6.0,4.0,4.0,4.0,4.0,4.0,6.0,6.0,5.0,6.0,7.0,7.0,6.0,5.0,5.0,5.0,3.0,3.0,3.0,3.0,3.0,3.0,2.0,2.0,15.0,15.0
J/cm^3,9.0,7.0,5.0,7.0,6.0,11.0,6.0,10.0,5.0,3.0,3.0,6.0,4.0,4.0,5.0,5.0,6.0,6.0,2.0,2.0,3.0,3.0,3.0,3.0,3.0,6.0,6.0,6.0,5.0,5.0,8.0,8.0,2.0,2.0,7.0,7.0,7.0,7.0,4.0,4.0,7.0,6.0,6.0,6.0,6.0,6.0,4.0,4.0,5.0,4.0,0.0,0.0,1.0,1.0,1.0,6.0,6.0,5.0,5.0,4.0,4.0,5.0,5.0,5.0,5.0,6.0,6.0,7.0,7.0,6.0,6.0,4.0,4.0,5.0,5.0,5.0,5.0,9.0,6.0,6.0,7.0,5.0,8.0,6.0,6.0,6.0,6.0,6.0,6.0,6.0,7.0,6.0,7.0,4.0,4.0,5.0,5.0,4.0,4.0,3.0,3.0,3.0,3.0,4.0,4.0,4.0,4.0,14.0,14.0
J/cm^3,9.0,7.0,5.0,7.0,6.0,11.0,6.0,10.0,5.0,3.0,3.0,6.0,4.0,4.0,5.0,5.0,6.0,6.0,2.0,2.0,3.0,3.0,3.0,3.0,3.0,6.0,6.0,6.0,5.0,5.0,8.0,8.0,2.0,2.0,7.0,7.0,7.0,7.0,4.0,4.0,7.0,6.0,6.0,6.0,6.0,6.0,4.0,4.0,5.0,4.0,0.0,0.0,1.0,1.0,1.0,6.0,6.0,5.0,5.0,4.0,4.0,5.0,5.0,5.0,5.0,6.0,6.0,7.0,7.0,6.0,6.0,4.0,4.0,5.0,5.0,5.0,5.0,9.0,6.0,6.0,7.0,5.0,8.0,6.0,6.0,6.0,6.0,6.0,6.0,6.0,7.0,6.0,7.0,4.0,4.0,5.0,5.0,4.0,4.0,3.0,3.0,3.0,3.0,4.0,4.0,4.0,4.0,14.0,14.0
J/cm3,9.0,7.0,5.0,7.0,5.0,11.0,6.0,10.0,5.0,2.0,2.0,7.0,5.0,4.0,4.0,5.0,7.0,7.0,3.0,3.0,2.0,4.0,4.0,4.0,4.0,6.0,6.0,5.0,5.0,5.0,7.0,7.0,3.0,3.0,6.0,6.0,6.0,6.0,5.0,5.0,8.0,7.0,7.0,5.0,5.0,5.0,3.0,4.0,5.0,3.0,1.0,1.0,0.0,2.0,2.0,5.0,5.0,5.0,5.0,3.0,3.0,4.0,4.0,4.0,4.0,6.0,6.0,7.0,7.0,6.0,6.0,3.0,3.0,4.0,4.0,4.0,4.0,9.0,5.0,5.0,6.0,5.0,8.0,6.0,5.0,5.0,5.0,5.0,5.0,6.0,6.0,5.0,6.0,5.0,5.0,6.0,5.0,3.0,3.0,2.0,2.0,2.0,2.0,3.0,3.0,3.0,3.0,14.0,14.0
J/m^3,8.0,7.0,5.0,7.0,5.0,12.0,6.0,9.0,4.0,4.0,4.0,6.0,4.0,4.0,4.0,5.0,7.0,7.0,3.0,3.0,4.0,2.0,2.0,3.0,3.0,6.0,6.0,5.0,4.0,4.0,8.0,8.0,1.0,1.0,6.0,6.0,6.0,6.0,4.0,4.0,7.0,6.0,6.0,5.0,5.0,5.0,3.0,4.0,5.0,3.0,1.0,1.0,2.0,0.0,0.0,5.0,5.0,4.0,4.0,5.0,5.0,4.0,4.0,4.0,4.0,6.0,6.0,7.0,7.0,5.0,5.0,5.0,5.0,4.0,4.0,4.0,4.0,9.0,5.0,5.0,6.0,4.0,7.0,5.0,5.0,5.0,5.0,5.0,5.0,6.0,6.0,5.0,6.0,5.0,5.0,4.0,4.0,5.0,5.0,4.0,4.0,4.0,4.0,3.0,3.0,3.0,3.0,14.0,14.0
J/m^3,8.0,7.0,5.0,7.0,5.0,12.0,6.0,9.0,4.0,4.0,4.0,6.0,4.0,4.0,4.0,5.0,7.0,7.0,3.0,3.0,4.0,2.0,2.0,3.0,3.0,6.0,6.0,5.0,4.0,4.0,8.0,8.0,1.0,1.0,6.0,6.0,6.0,6.0,4.0,4.0,7.0,6.0,6.0,5.0,5.0,5.0,3.0,4.0,5.0,3.0,1.0,1.0,2.0,0.0,0.0,5.0,5.0,4.0,4.0,5.0,5.0,4.0,4.0,4.0,4.0,6.0,6.0,7.0,7.0,5.0,5.0,5.0,5.0,4.0,4.0,4.0,4.0,9.0,5.0,5.0,6.0,4.0,7.0,5.0,5.0,5.0,5.0,5.0,5.0,6.0,6.0,5.0,6.0,5.0,5.0,4.0,4.0,5.0,5.0,4.0,4.0,4.0,4.0,3.0,3.0,3.0,3.0,14.0,14.0
K^-1,7.0,7.0,4.0,7.0,5.0,12.0,6.0,11.0,6.0,4.0,4.0,4.0,2.0,2.0,5.0,3.0,7.0,7.0,6.0,6.0,5.0,5.0,5.0,6.0,6.0,3.0,3.0,1.0,4.0,4.0,9.0,9.0,5.0,5.0,7.0,7.0,7.0,7.0,7.0,7.0,10.0,6.0,6.0,5.0,5.0,5.0,4.0,6.0,6.0,4.0,6.0,6.0,5.0,5.0,5.0,0.0,0.0,6.0,6.0,5.0,5.0,4.0,4.0,5.0,5.0,6.0,6.0,7.0,7.0,3.0,3.0,5.0,5.0,4.0,4.0,5.0,5.0,10.0,6.0,6.0,6.0,5.0,7.0,5.0,4.0,4.0,4.0,3.0,4.0,5.0,7.0,5.0,7.0,4.0,4.0,3.0,3.0,5.0,5.0,4.0,4.0,4.0,4.0,4.0,4.0,4.0,4.0,15.0,15.0
K^-1,7.0,7.0,4.0,7.0,5.0,12.0,6.0,11.0,6.0,4.0,4.0,4.0,2.0,2.0,5.0,3.0,7.0,7.0,6.0,6.0,5.0,5.0,5.0,6.0,6.0,3.0,3.0,1.0,4.0,4.0,9.0,9.0,5.0,5.0,7.0,7.0,7.0,7.0,7.0,7.0,10.0,6.0,6.0,5.0,5.0,5.0,4.0,6.0,6.0,4.0,6.0,6.0,5.0,5.0,5.0,0.0,0.0,6.0,6.0,5.0,5.0,4.0,4.0,5.0,5.0,6.0,6.0,7.0,7.0,3.0,3.0,5.0,5.0,4.0,4.0,5.0,5.0,10.0,6.0,6.0,6.0,5.0,7.0,5.0,4.0,4.0,4.0,3.0,4.0,5.0,7.0,5.0,7.0,4.0,4.0,3.0,3.0,5.0,5.0,4.0,4.0,4.0,4.0,4.0,4.0,4.0,4.0,15.0,15.0
kg/mol,9.0,7.0,6.0,7.0,6.0,10.0,6.0,9.0,4.0,5.0,5.0,7.0,6.0,5.0,5.0,6.0,8.0,8.0,5.0,5.0,5.0,4.0,4.0,5.0,5.0,6.0,6.0,6.0,5.0,5.0,8.0,8.0,4.0,4.0,6.0,6.0,6.0,6.0,5.0,5.0,8.0,7.0,7.0,6.0,6.0,6.0,5.0,6.0,6.0,5.0,5.0,5.0,5.0,4.0,4.0,6.0,6.0,0.0,0.0,4.0,4.0,3.0,3.0,3.0,3.0,6.0,6.0,7.0,7.0,6.0,6.0,5.0,5.0,4.0,4.0,4.0,4.0,9.0,6.0,6.0,7.0,5.0,8.0,6.0,6.0,6.0,6.0,6.0,6.0,6.0,6.0,6.0,6.0,6.0,6.0,6.0,5.0,5.0,5.0,5.0,5.0,5.0,5.0,4.0,4.0,4.0,4.0,12.0,12.0
kg/mol,9.0,7.0,6.0,7.0,6.0,10.0,6.0,9.0,4.0,5.0,5.0,7.0,6.0,5.0,5.0,6.0,8.0,8.0,5.0,5.0,5.0,4.0,4.0,5.0,5.0,6.0,6.0,6.0,5.0,5.0,8.0,8.0,4.0,4.0,6.0,6.0,6.0,6.0,5.0,5.0,8.0,7.0,7.0,6.0,6.0,6.0,5.0,6.0,6.0,5.0,5.0,5.0,5.0,4.0,4.0,6.0,6.0,0.0,0.0,4.0,4.0,3.0,3.0,3.0,3.0,6.0,6.0,7.0,7.0,6.0,6.0,5.0,5.0,4.0,4.0,4.0,4.0,9.0,6.0,6.0,7.0,5.0,8.0,6.0,6.0,6.0,6.0,6.0,6.0,6.0,6.0,6.0,6.0,6.0,6.0,6.0,5.0,5.0,5.0,5.0,5.0,5.0,5.0,4.0,4.0,4.0,4.0,12.0,12.0
kV/cm,9.0,7.0,5.0,7.0,5.0,11.0,6.0,10.0,5.0,2.0,2.0,7.0,5.0,5.0,5.0,6.0,8.0,8.0,4.0,4.0,3.0,5.0,5.0,5.0,5.0,6.0,6.0,5.0,5.0,5.0,7.0,7.0,5.0,5.0,6.0,6.0,6.0,6.0,5.0,5.0,8.0,6.0,6.0,5.0,5.0,5.0,4.0,6.0,6.0,4.0,4.0,4.0,3.0,5.0,5.0,5.0,5.0,4.0,4.0,0.0,0.0,1.0,1.0,1.0,1.0,6.0,6.0,7.0,7.0,6.0,6.0,1.0,1.0,2.0,2.0,2.0,2.0,9.0,4.0,4.0,5.0,4.0,7.0,5.0,5.0,5.0,5.0,5.0,5.0,6.0,6.0,5.0,6.0,6.0,6.0,6.0,5.0,4.0,4.0,2.0,2.0,1.0,1.0,3.0,3.0,4.0,4.0,15.0,15.0
kV/cm,9.0,7.0,5.0,7.0,5.0,11.0,6.0,10.0,5.0,2.0,2.0,7.0,5.0,5.0,5.0,6.0,8.0,8.0,4.0,4.0,3.0,5.0,5.0,5.0,5.0,6.0,6.0,5.0,5.0,5.0,7.0,7.0,5.0,5.0,6.0,6.0,6.0,6.0,5.0,5.0,8.0,6.0,6.0,5.0,5.0,5.0,4.0,6.0,6.0,4.0,4.0,4.0,3.0,5.0,5.0,5.0,5.0,4.0,4.0,0.0,0.0,1.0,1.0,1.0,1.0,6.0,6.0,7.0,7.0,6.0,6.0,1.0,1.0,2.0,2.0,2.0,2.0,9.0,4.0,4.0,5.0,4.0,7.0,5.0,5.0,5.0,5.0,5.0,5.0,6.0,6.0,5.0,6.0,6.0,6.0,6.0,5.0,4.0,4.0,2.0,2.0,1.0,1.0,3.0,3.0,4.0,4.0,15.0,15.0
kV/m,9.0,7.0,4.0,7.0,5.0,12.0,6.0,9.0,4.0,3.0,3.0,7.0,5.0,4.0,5.0,6.0,8.0,8.0,5.0,5.0,4.0,4.0,4.0,5.0,5.0,6.0,6.0,4.0,4.0,4.0,7.0,7.0,4.0,4.0,6.0,6.0,6.0,6.0,5.0,5.0,8.0,6.0,6.0,5.0,5.0,5.0,4.0,6.0,6.0,4.0,5.0,5.0,4.0,4.0,4.0,4.0,4.0,3.0,3.0,1.0,1.0,0.0,0.0,1.0,1.0,6.0,6.0,7.0,7.0,6.0,6.0,2.0,2.0,1.0,1.0,2.0,2.0,9.0,5.0,5.0,6.0,4.0,7.0,5.0,4.0,4.0,4.0,4.0,4.0,6.0,6.0,4.0,6.0,6.0,6.0,6.0,5.0,4.0,4.0,3.0,3.0,2.0,2.0,3.0,3.0,3.0,3.0,14.0,14.0
kV/m,9.0,7.0,4.0,7.0,5.0,12.0,6.0,9.0,4.0,3.0,3.0,7.0,5.0,4.0,5.0,6.0,8.0,8.0,5.0,5.0,4.0,4.0,4.0,5.0,5.0,6.0,6.0,4.0,4.0,4.0,7.0,7.0,4.0,4.0,6.0,6.0,6.0,6.0,5.0,5.0,8.0,6.0,6.0,5.0,5.0,5.0,4.0,6.0,6.0,4.0,5.0,5.0,4.0,4.0,4.0,4.0,4.0,3.0,3.0,1.0,1.0,0.0,0.0,1.0,1.0,6.0,6.0,7.0,7.0,6.0,6.0,2.0,2.0,1.0,1.0,2.0,2.0,9.0,5.0,5.0,6.0,4.0,7.0,5.0,4.0,4.0,4.0,4.0,4.0,6.0,6.0,4.0,6.0,6.0,6.0,6.0,5.0,4.0,4.0,3.0,3.0,2.0,2.0,3.0,3.0,3.0,3.0,14.0,14.0
kV/mm,9.0,7.0,5.0,7.0,5.0,12.0,6.0,9.0,4.0,3.0,3.0,7.0,5.0,5.0,5.0,6.0,8.0,8.0,5.0,5.0,4.0,4.0,4.0,4.0,4.0,6.0,6.0,5.0,5.0,5.0,7.0,7.0,4.0,4.0,6.0,6.0,6.0,6.0,5.0,5.0,8.0,6.0,6.0,5.0,5.0,5.0,4.0,6.0,6.0,4.0,5.0,5.0,4.0,4.0,4.0,5.0,5.0,3.0,3.0,1.0,1.0,1.0,1.0,0.0,0.0,6.0,6.0,7.0,7.0,6.0,6.0,2.0,2.0,2.0,2.0,1.0,1.0,9.0,5.0,5.0,6.0,4.0,7.0,5.0,5.0,5.0,5.0,5.0,5.0,6.0,6.0,5.0,6.0,6.0,6.0,6.0,5.0,4.0,4.0,3.0,3.0,2.0,2.0,2.0,2.0,3.0,3.0,14.0,14.0
kV/mm,9.0,7.0,5.0,7.0,5.0,12.0,6.0,9.0,4.0,3.0,3.0,7.0,5.0,5.0,5.0,6.0,8.0,8.0,5.0,5.0,4.0,4.0,4.0,4.0,4.0,6.0,6.0,5.0,5.0,5.0,7.0,7.0,4.0,4.0,6.0,6.0,6.0,6.0,5.0,5.0,8.0,6.0,6.0,5.0,5.0,5.0,4.0,6.0,6.0,4.0,5.0,5.0,4.0,4.0,4.0,5.0,5.0,3.0,3.0,1.0,1.0,1.0,1.0,0.0,0.0,6.0,6.0,7.0,7.0,6.0,6.0,2.0,2.0,2.0,2.0,1.0,1.0,9.0,5.0,5.0,6.0,4.0,7.0,5.0,5.0,5.0,5.0,5.0,5.0,6.0,6.0,5.0,6.0,6.0,6.0,6.0,5.0,4.0,4.0,3.0,3.0,2.0,2.0,2.0,2.0,3.0,3.0,14.0,14.0
log Hz,8.0,7.0,6.0,7.0,4.0,10.0,5.0,10.0,6.0,6.0,6.0,7.0,6.0,6.0,6.0,6.0,9.0,9.0,6.0,6.0,6.0,6.0,6.0,6.0,6.0,6.0,6.0,6.0,6.0,6.0,8.0,8.0,6.0,6.0,6.0,6.0,6.0,6.0,7.0,7.0,10.0,7.0,7.0,5.0,5.0,5.0,5.0,6.0,6.0,5.0,6.0,6.0,6.0,6.0,6.0,6.0,6.0,6.0,6.0,6.0,6.0,6.0,6.0,6.0,6.0,0.0,0.0,7.0,7.0,6.0,6.0,6.0,6.0,6.0,6.0,6.0,6.0,9.0,6.0,5.0,7.0,5.0,7.0,6.0,6.0,5.0,6.0,6.0,6.0,6.0,7.0,6.0,7.0,7.0,7.0,6.0,6.0,6.0,6.0,6.0,6.0,6.0,6.0,6.0,6.0,6.0,6.0,14.0,14.0
log Hz,8.0,7.0,6.0,7.0,4.0,10.0,5.0,10.0,6.0,6.0,6.0,7.0,6.0,6.0,6.0,6.0,9.0,9.0,6.0,6.0,6.0,6.0,6.0,6.0,6.0,6.0,6.0,6.0,6.0,6.0,8.0,8.0,6.0,6.0,6.0,6.0,6.0,6.0,7.0,7.0,10.0,7.0,7.0,5.0,5.0,5.0,5.0,6.0,6.0,5.0,6.0,6.0,6.0,6.0,6.0,6.0,6.0,6.0,6.0,6.0,6.0,6.0,6.0,6.0,6.0,0.0,0.0,7.0,7.0,6.0,6.0,6.0,6.0,6.0,6.0,6.0,6.0,9.0,6.0,5.0,7.0,5.0,7.0,6.0,6.0,5.0,6.0,6.0,6.0,6.0,7.0,6.0,7.0,7.0,7.0,6.0,6.0,6.0,6.0,6.0,6.0,6.0,6.0,6.0,6.0,6.0,6.0,14.0,14.0
minutes,9.0,6.0,7.0,6.0,7.0,10.0,6.0,10.0,7.0,7.0,7.0,7.0,7.0,7.0,6.0,7.0,9.0,9.0,7.0,7.0,7.0,7.0,7.0,7.0,7.0,7.0,7.0,7.0,6.0,6.0,8.0,8.0,7.0,7.0,7.0,7.0,6.0,6.0,7.0,7.0,8.0,6.0,6.0,5.0,5.0,6.0,7.0,7.0,7.0,7.0,7.0,7.0,7.0,7.0,7.0,7.0,7.0,7.0,7.0,7.0,7.0,7.0,7.0,7.0,7.0,7.0,7.0,0.0,1.0,4.0,4.0,7.0,7.0,7.0,7.0,6.0,6.0,6.0,7.0,7.0,7.0,7.0,8.0,7.0,6.0,6.0,6.0,6.0,6.0,6.0,6.0,6.0,6.0,7.0,7.0,7.0,7.0,7.0,7.0,7.0,7.0,7.0,7.0,7.0,7.0,7.0,7.0,11.0,11.0
Minutes,9.0,6.0,7.0,6.0,7.0,10.0,6.0,10.0,7.0,7.0,7.0,7.0,7.0,7.0,6.0,7.0,9.0,9.0,7.0,7.0,7.0,7.0,7.0,7.0,7.0,7.0,7.0,7.0,6.0,6.0,8.0,8.0,7.0,7.0,7.0,7.0,6.0,6.0,7.0,7.0,8.0,6.0,6.0,5.0,5.0,6.0,7.0,7.0,7.0,7.0,7.0,7.0,7.0,7.0,7.0,7.0,7.0,7.0,7.0,7.0,7.0,7.0,7.0,7.0,7.0,7.0,7.0,1.0,0.0,5.0,5.0,6.0,6.0,6.0,6.0,7.0,7.0,6.0,7.0,7.0,7.0,7.0,8.0,7.0,6.0,6.0,6.0,6.0,6.0,6.0,6.0,6.0,6.0,7.0,7.0,7.0,7.0,7.0,7.0,7.0,7.0,7.0,7.0,7.0,7.0,7.0,7.0,11.0,11.0
min^-1,7.0,7.0,6.0,7.0,6.0,12.0,6.0,10.0,6.0,6.0,6.0,5.0,3.0,4.0,6.0,3.0,7.0,7.0,6.0,6.0,6.0,5.0,5.0,6.0,6.0,5.0,5.0,3.0,6.0,6.0,8.0,8.0,5.0,5.0,7.0,7.0,7.0,7.0,6.0,6.0,8.0,6.0,6.0,6.0,6.0,6.0,6.0,6.0,6.0,6.0,6.0,6.0,6.0,5.0,5.0,3.0,3.0,6.0,6.0,6.0,6.0,6.0,6.0,6.0,6.0,6.0,6.0,4.0,5.0,0.0,0.0,6.0,6.0,6.0,6.0,5.0,5.0,9.0,6.0,6.0,6.0,6.0,7.0,5.0,6.0,6.0,6.0,5.0,6.0,6.0,7.0,6.0,7.0,4.0,4.0,3.0,4.0,6.0,6.0,6.0,6.0,6.0,6.0,6.0,6.0,6.0,6.0,12.0,12.0
min^-1,7.0,7.0,6.0,7.0,6.0,12.0,6.0,10.0,6.0,6.0,6.0,5.0,3.0,4.0,6.0,3.0,7.0,7.0,6.0,6.0,6.0,5.0,5.0,6.0,6.0,5.0,5.0,3.0,6.0,6.0,8.0,8.0,5.0,5.0,7.0,7.0,7.0,7.0,6.0,6.0,8.0,6.0,6.0,6.0,6.0,6.0,6.0,6.0,6.0,6.0,6.0,6.0,6.0,5.0,5.0,3.0,3.0,6.0,6.0,6.0,6.0,6.0,6.0,6.0,6.0,6.0,6.0,4.0,5.0,0.0,0.0,6.0,6.0,6.0,6.0,5.0,5.0,9.0,6.0,6.0,6.0,6.0,7.0,5.0,6.0,6.0,6.0,5.0,6.0,6.0,7.0,6.0,7.0,4.0,4.0,3.0,4.0,6.0,6.0,6.0,6.0,6.0,6.0,6.0,6.0,6.0,6.0,12.0,12.0
MV/cm,9.0,7.0,5.0,7.0,5.0,11.0,6.0,10.0,5.0,2.0,2.0,7.0,5.0,5.0,5.0,6.0,8.0,8.0,4.0,4.0,3.0,5.0,5.0,5.0,5.0,6.0,6.0,5.0,5.0,5.0,7.0,7.0,5.0,5.0,6.0,6.0,6.0,6.0,5.0,5.0,8.0,6.0,6.0,5.0,5.0,5.0,4.0,6.0,6.0,4.0,4.0,4.0,3.0,5.0,5.0,5.0,5.0,5.0,5.0,1.0,1.0,2.0,2.0,2.0,2.0,6.0,6.0,7.0,6.0,6.0,6.0,0.0,0.0,1.0,1.0,2.0,2.0,9.0,4.0,4.0,5.0,4.0,7.0,5.0,5.0,5.0,5.0,5.0,5.0,6.0,6.0,5.0,6.0,6.0,6.0,6.0,5.0,4.0,4.0,2.0,2.0,1.0,1.0,3.0,3.0,4.0,4.0,15.0,15.0
MV/cm,9.0,7.0,5.0,7.0,5.0,11.0,6.0,10.0,5.0,2.0,2.0,7.0,5.0,5.0,5.0,6.0,8.0,8.0,4.0,4.0,3.0,5.0,5.0,5.0,5.0,6.0,6.0,5.0,5.0,5.0,7.0,7.0,5.0,5.0,6.0,6.0,6.0,6.0,5.0,5.0,8.0,6.0,6.0,5.0,5.0,5.0,4.0,6.0,6.0,4.0,4.0,4.0,3.0,5.0,5.0,5.0,5.0,5.0,5.0,1.0,1.0,2.0,2.0,2.0,2.0,6.0,6.0,7.0,6.0,6.0,6.0,0.0,0.0,1.0,1.0,2.0,2.0,9.0,4.0,4.0,5.0,4.0,7.0,5.0,5.0,5.0,5.0,5.0,5.0,6.0,6.0,5.0,6.0,6.0,6.0,6.0,5.0,4.0,4.0,2.0,2.0,1.0,1.0,3.0,3.0,4.0,4.0,15.0,15.0
MV/m,9.0,7.0,4.0,7.0,5.0,12.0,6.0,9.0,4.0,3.0,3.0,7.0,5.0,4.0,5.0,6.0,8.0,8.0,5.0,5.0,4.0,4.0,4.0,5.0,5.0,6.0,6.0,4.0,4.0,4.0,7.0,7.0,4.0,4.0,6.0,6.0,6.0,6.0,5.0,5.0,8.0,6.0,6.0,5.0,5.0,5.0,4.0,6.0,6.0,4.0,5.0,5.0,4.0,4.0,4.0,4.0,4.0,4.0,4.0,2.0,2.0,1.0,1.0,2.0,2.0,6.0,6.0,7.0,6.0,6.0,6.0,1.0,1.0,0.0,0.0,2.0,2.0,9.0,5.0,5.0,6.0,4.0,7.0,5.0,4.0,4.0,4.0,4.0,4.0,6.0,6.0,4.0,6.0,6.0,6.0,6.0,5.0,4.0,4.0,3.0,3.0,2.0,2.0,3.0,3.0,3.0,3.0,14.0,14.0
MV/m,9.0,7.0,4.0,7.0,5.0,12.0,6.0,9.0,4.0,3.0,3.0,7.0,5.0,4.0,5.0,6.0,8.0,8.0,5.0,5.0,4.0,4.0,4.0,5.0,5.0,6.0,6.0,4.0,4.0,4.0,7.0,7.0,4.0,4.0,6.0,6.0,6.0,6.0,5.0,5.0,8.0,6.0,6.0,5.0,5.0,5.0,4.0,6.0,6.0,4.0,5.0,5.0,4.0,4.0,4.0,4.0,4.0,4.0,4.0,2.0,2.0,1.0,1.0,2.0,2.0,6.0,6.0,7.0,6.0,6.0,6.0,1.0,1.0,0.0,0.0,2.0,2.0,9.0,5.0,5.0,6.0,4.0,7.0,5.0,4.0,4.0,4.0,4.0,4.0,6.0,6.0,4.0,6.0,6.0,6.0,6.0,5.0,4.0,4.0,3.0,3.0,2.0,2.0,3.0,3.0,3.0,3.0,14.0,14.0
mV/mm,9.0,7.0,5.0,7.0,5.0,12.0,6.0,9.0,4.0,3.0,3.0,6.0,5.0,5.0,5.0,6.0,8.0,8.0,5.0,5.0,4.0,4.0,4.0,4.0,4.0,6.0,6.0,5.0,5.0,5.0,7.0,7.0,4.0,4.0,6.0,6.0,6.0,6.0,5.0,5.0,8.0,5.0,5.0,5.0,5.0,5.0,4.0,6.0,6.0,4.0,5.0,5.0,4.0,4.0,4.0,5.0,5.0,4.0,4.0,2.0,2.0,2.0,2.0,1.0,1.0,6.0,6.0,6.0,7.0,5.0,5.0,2.0,2.0,2.0,2.0,0.0,0.0,9.0,5.0,5.0,5.0,4.0,6.0,5.0,5.0,5.0,5.0,5.0,5.0,6.0,6.0,5.0,6.0,6.0,6.0,6.0,5.0,4.0,4.0,3.0,3.0,2.0,2.0,2.0,2.0,3.0,3.0,14.0,14.0
mV/mm,9.0,7.0,5.0,7.0,5.0,12.0,6.0,9.0,4.0,3.0,3.0,6.0,5.0,5.0,5.0,6.0,8.0,8.0,5.0,5.0,4.0,4.0,4.0,4.0,4.0,6.0,6.0,5.0,5.0,5.0,7.0,7.0,4.0,4.0,6.0,6.0,6.0,6.0,5.0,5.0,8.0,5.0,5.0,5.0,5.0,5.0,4.0,6.0,6.0,4.0,5.0,5.0,4.0,4.0,4.0,5.0,5.0,4.0,4.0,2.0,2.0,2.0,2.0,1.0,1.0,6.0,6.0,6.0,7.0,5.0,5.0,2.0,2.0,2.0,2.0,0.0,0.0,9.0,5.0,5.0,5.0,4.0,6.0,5.0,5.0,5.0,5.0,5.0,5.0,6.0,6.0,5.0,6.0,6.0,6.0,6.0,5.0,4.0,4.0,3.0,3.0,2.0,2.0,2.0,2.0,3.0,3.0,14.0,14.0
nanometers,10.0,9.0,9.0,9.0,9.0,10.0,8.0,11.0,9.0,9.0,9.0,9.0,9.0,9.0,9.0,9.0,9.0,9.0,9.0,9.0,9.0,9.0,9.0,9.0,9.0,10.0,10.0,10.0,7.0,7.0,9.0,9.0,9.0,9.0,9.0,9.0,8.0,8.0,9.0,9.0,10.0,8.0,8.0,7.0,7.0,9.0,10.0,10.0,10.0,10.0,9.0,9.0,9.0,9.0,9.0,10.0,10.0,9.0,9.0,9.0,9.0,9.0,9.0,9.0,9.0,9.0,9.0,6.0,6.0,9.0,9.0,9.0,9.0,9.0,9.0,9.0,9.0,0.0,9.0,9.0,9.0,9.0,9.0,9.0,8.0,8.0,8.0,8.0,8.0,8.0,8.0,8.0,8.0,9.0,9.0,9.0,9.0,9.0,9.0,9.0,9.0,9.0,9.0,9.0,9.0,9.0,9.0,12.0,12.0
ohm*cm,9.0,7.0,6.0,7.0,6.0,11.0,6.0,10.0,6.0,4.0,4.0,7.0,5.0,5.0,5.0,6.0,8.0,8.0,6.0,6.0,5.0,5.0,5.0,5.0,5.0,6.0,6.0,6.0,5.0,5.0,7.0,7.0,5.0,5.0,7.0,7.0,7.0,7.0,6.0,6.0,8.0,7.0,7.0,5.0,5.0,6.0,6.0,6.0,6.0,6.0,6.0,6.0,5.0,5.0,5.0,6.0,6.0,6.0,6.0,4.0,4.0,5.0,5.0,5.0,5.0,6.0,6.0,7.0,7.0,6.0,6.0,4.0,4.0,5.0,5.0,5.0,5.0,9.0,0.0,1.0,2.0,1.0,4.0,2.0,5.0,6.0,5.0,6.0,6.0,6.0,7.0,6.0,7.0,6.0,6.0,5.0,5.0,5.0,5.0,4.0,4.0,4.0,4.0,4.0,4.0,5.0,5.0,14.0,14.0
ohm cm,8.0,7.0,6.0,7.0,5.0,10.0,6.0,10.0,6.0,4.0,4.0,7.0,5.0,5.0,5.0,6.0,8.0,8.0,6.0,6.0,5.0,5.0,5.0,5.0,5.0,6.0,6.0,6.0,5.0,5.0,7.0,7.0,5.0,5.0,7.0,7.0,7.0,7.0,6.0,6.0,8.0,7.0,7.0,5.0,5.0,6.0,6.0,6.0,6.0,6.0,6.0,6.0,5.0,5.0,5.0,6.0,6.0,6.0,6.0,4.0,4.0,5.0,5.0,5.0,5.0,5.0,5.0,7.0,7.0,6.0,6.0,4.0,4.0,5.0,5.0,5.0,5.0,9.0,1.0,0.0,2.0,2.0,3.0,2.0,6.0,5.0,6.0,6.0,6.0,6.0,7.0,6.0,7.0,6.0,6.0,5.0,5.0,5.0,5.0,4.0,4.0,4.0,4.0,4.0,4.0,5.0,5.0,14.0,14.0
ohms-cm,8.0,6.0,7.0,6.0,7.0,11.0,7.0,9.0,7.0,5.0,5.0,6.0,5.0,5.0,5.0,6.0,7.0,7.0,7.0,7.0,6.0,6.0,6.0,6.0,6.0,6.0,6.0,6.0,6.0,6.0,6.0,6.0,6.0,6.0,7.0,7.0,7.0,7.0,6.0,6.0,8.0,7.0,7.0,6.0,6.0,7.0,7.0,7.0,7.0,7.0,7.0,7.0,6.0,6.0,6.0,6.0,6.0,7.0,7.0,5.0,5.0,6.0,6.0,6.0,6.0,7.0,7.0,7.0,7.0,6.0,6.0,5.0,5.0,6.0,6.0,5.0,5.0,9.0,2.0,2.0,0.0,3.0,2.0,1.0,6.0,6.0,6.0,6.0,6.0,5.0,6.0,7.0,6.0,6.0,6.0,5.0,5.0,5.0,5.0,5.0,5.0,5.0,5.0,5.0,5.0,6.0,6.0,13.0,13.0
ohm*m,9.0,7.0,5.0,7.0,5.0,12.0,6.0,10.0,5.0,4.0,4.0,7.0,5.0,4.0,5.0,6.0,8.0,8.0,5.0,5.0,5.0,4.0,4.0,5.0,5.0,6.0,6.0,5.0,4.0,4.0,7.0,7.0,4.0,4.0,6.0,6.0,7.0,7.0,5.0,5.0,8.0,7.0,7.0,5.0,5.0,5.0,5.0,5.0,6.0,5.0,5.0,5.0,5.0,4.0,4.0,5.0,5.0,5.0,5.0,4.0,4.0,4.0,4.0,4.0,4.0,5.0,5.0,7.0,7.0,6.0,6.0,4.0,4.0,4.0,4.0,4.0,4.0,9.0,1.0,2.0,3.0,0.0,4.0,2.0,4.0,5.0,4.0,5.0,5.0,6.0,7.0,5.0,7.0,6.0,6.0,5.0,4.0,5.0,5.0,4.0,4.0,4.0,4.0,3.0,3.0,4.0,4.0,14.0,14.0
ohms - m,8.0,7.0,8.0,7.0,7.0,11.0,8.0,9.0,8.0,7.0,7.0,6.0,6.0,6.0,7.0,7.0,7.0,7.0,8.0,8.0,8.0,7.0,7.0,7.0,7.0,7.0,7.0,7.0,7.0,7.0,7.0,7.0,7.0,7.0,8.0,8.0,8.0,8.0,7.0,7.0,8.0,7.0,7.0,7.0,7.0,8.0,8.0,8.0,8.0,8.0,8.0,8.0,8.0,7.0,7.0,7.0,7.0,8.0,8.0,7.0,7.0,7.0,7.0,7.0,7.0,7.0,7.0,8.0,8.0,7.0,7.0,7.0,7.0,7.0,7.0,6.0,6.0,9.0,4.0,3.0,2.0,4.0,0.0,2.0,7.0,7.0,7.0,7.0,7.0,7.0,8.0,8.0,8.0,7.0,7.0,6.0,6.0,7.0,7.0,7.0,7.0,7.0,7.0,6.0,6.0,7.0,7.0,13.0,13.0
ohms-m,8.0,6.0,6.0,6.0,6.0,12.0,6.0,9.0,6.0,5.0,5.0,6.0,4.0,4.0,5.0,5.0,7.0,7.0,6.0,6.0,6.0,5.0,5.0,5.0,5.0,6.0,6.0,5.0,5.0,5.0,6.0,6.0,5.0,5.0,7.0,7.0,7.0,7.0,6.0,6.0,8.0,7.0,7.0,5.0,5.0,6.0,6.0,6.0,6.0,6.0,6.0,6.0,6.0,5.0,5.0,5.0,5.0,6.0,6.0,5.0,5.0,5.0,5.0,5.0,5.0,6.0,6.0,7.0,7.0,5.0,5.0,5.0,5.0,5.0,5.0,5.0,5.0,9.0,2.0,2.0,1.0,2.0,2.0,0.0,5.0,5.0,5.0,5.0,5.0,5.0,6.0,6.0,6.0,5.0,5.0,4.0,4.0,6.0,6.0,5.0,5.0,5.0,5.0,4.0,4.0,5.0,5.0,13.0,13.0
Pa*s,9.0,6.0,4.0,6.0,5.0,11.0,6.0,10.0,6.0,4.0,4.0,7.0,5.0,4.0,5.0,6.0,9.0,9.0,6.0,6.0,5.0,5.0,5.0,6.0,6.0,6.0,6.0,4.0,3.0,3.0,8.0,8.0,5.0,5.0,5.0,5.0,5.0,5.0,7.0,7.0,9.0,6.0,6.0,4.0,4.0,5.0,4.0,5.0,6.0,4.0,6.0,6.0,5.0,5.0,5.0,4.0,4.0,6.0,6.0,5.0,5.0,4.0,4.0,5.0,5.0,6.0,6.0,6.0,6.0,6.0,6.0,5.0,5.0,4.0,4.0,5.0,5.0,8.0,5.0,6.0,6.0,4.0,7.0,5.0,0.0,1.0,0.0,1.0,1.0,3.0,5.0,3.0,5.0,7.0,7.0,6.0,5.0,5.0,5.0,4.0,4.0,4.0,4.0,4.0,4.0,4.0,4.0,14.0,14.0
Pa s,8.0,6.0,4.0,6.0,4.0,10.0,6.0,10.0,6.0,4.0,4.0,7.0,5.0,4.0,5.0,6.0,9.0,9.0,6.0,6.0,5.0,5.0,5.0,6.0,6.0,6.0,6.0,4.0,3.0,3.0,8.0,8.0,5.0,5.0,6.0,6.0,5.0,5.0,7.0,7.0,9.0,6.0,6.0,4.0,4.0,5.0,4.0,6.0,6.0,4.0,6.0,6.0,5.0,5.0,5.0,4.0,4.0,6.0,6.0,5.0,5.0,4.0,4.0,5.0,5.0,5.0,5.0,6.0,6.0,6.0,6.0,5.0,5.0,4.0,4.0,5.0,5.0,8.0,6.0,5.0,6.0,5.0,7.0,5.0,1.0,0.0,1.0,1.0,1.0,3.0,5.0,3.0,5.0,7.0,7.0,6.0,5.0,5.0,5.0,4.0,4.0,4.0,4.0,4.0,4.0,4.0,4.0,14.0,14.0
Pa*s,9.0,6.0,4.0,6.0,5.0,11.0,6.0,10.0,6.0,4.0,4.0,7.0,5.0,4.0,5.0,6.0,9.0,9.0,6.0,6.0,5.0,5.0,5.0,6.0,6.0,6.0,6.0,4.0,3.0,3.0,8.0,8.0,5.0,5.0,5.0,5.0,5.0,5.0,7.0,7.0,9.0,6.0,6.0,4.0,4.0,5.0,4.0,5.0,6.0,4.0,6.0,6.0,5.0,5.0,5.0,4.0,4.0,6.0,6.0,5.0,5.0,4.0,4.0,5.0,5.0,6.0,6.0,6.0,6.0,6.0,6.0,5.0,5.0,4.0,4.0,5.0,5.0,8.0,5.0,6.0,6.0,4.0,7.0,5.0,0.0,1.0,0.0,1.0,1.0,3.0,5.0,3.0,5.0,7.0,7.0,6.0,5.0,5.0,5.0,4.0,4.0,4.0,4.0,4.0,4.0,4.0,4.0,14.0,14.0
Pa-s,8.0,6.0,4.0,6.0,5.0,11.0,6.0,10.0,6.0,4.0,4.0,6.0,4.0,3.0,5.0,5.0,8.0,8.0,6.0,6.0,5.0,5.0,5.0,6.0,6.0,5.0,5.0,3.0,3.0,3.0,8.0,8.0,5.0,5.0,6.0,6.0,5.0,5.0,7.0,7.0,9.0,6.0,6.0,4.0,4.0,5.0,4.0,6.0,6.0,4.0,6.0,6.0,5.0,5.0,5.0,3.0,3.0,6.0,6.0,5.0,5.0,4.0,4.0,5.0,5.0,6.0,6.0,6.0,6.0,5.0,5.0,5.0,5.0,4.0,4.0,5.0,5.0,8.0,6.0,6.0,6.0,5.0,7.0,5.0,1.0,1.0,1.0,0.0,1.0,2.0,5.0,3.0,5.0,6.0,6.0,5.0,4.0,5.0,5.0,4.0,4.0,4.0,4.0,4.0,4.0,4.0,4.0,14.0,14.0
Pa.s,9.0,6.0,4.0,6.0,5.0,10.0,6.0,10.0,6.0,4.0,4.0,7.0,5.0,4.0,5.0,6.0,9.0,9.0,6.0,6.0,5.0,5.0,5.0,6.0,6.0,6.0,6.0,4.0,3.0,3.0,8.0,8.0,5.0,5.0,6.0,6.0,4.0,4.0,7.0,7.0,9.0,6.0,6.0,4.0,4.0,5.0,4.0,6.0,6.0,4.0,6.0,6.0,5.0,5.0,5.0,4.0,4.0,6.0,6.0,5.0,5.0,4.0,4.0,5.0,5.0,6.0,6.0,6.0,6.0,6.0,6.0,5.0,5.0,4.0,4.0,5.0,5.0,8.0,6.0,6.0,6.0,5.0,7.0,5.0,1.0,1.0,1.0,1.0,0.0,3.0,5.0,3.0,5.0,7.0,7.0,6.0,5.0,5.0,5.0,4.0,4.0,4.0,4.0,4.0,4.0,4.0,4.0,14.0,14.0
Pa-sec,8.0,6.0,6.0,6.0,6.0,10.0,5.0,10.0,6.0,6.0,6.0,7.0,6.0,5.0,3.0,6.0,9.0,9.0,6.0,6.0,6.0,6.0,6.0,6.0,6.0,6.0,6.0,5.0,5.0,5.0,8.0,8.0,6.0,6.0,6.0,6.0,6.0,6.0,7.0,7.0,9.0,7.0,7.0,6.0,6.0,6.0,6.0,6.0,6.0,6.0,6.0,6.0,6.0,6.0,6.0,5.0,5.0,6.0,6.0,6.0,6.0,6.0,6.0,6.0,6.0,6.0,6.0,6.0,6.0,6.0,6.0,6.0,6.0,6.0,6.0,6.0,6.0,8.0,6.0,6.0,5.0,6.0,7.0,5.0,3.0,3.0,3.0,2.0,3.0,0.0,3.0,5.0,3.0,7.0,7.0,6.0,6.0,6.0,6.0,6.0,6.0,6.0,6.0,6.0,6.0,6.0,6.0,13.0,13.0
rad/sec,9.0,7.0,7.0,7.0,6.0,10.0,6.0,10.0,6.0,6.0,6.0,7.0,7.0,7.0,3.0,7.0,9.0,9.0,7.0,7.0,6.0,6.0,6.0,7.0,7.0,7.0,7.0,7.0,5.0,5.0,7.0,7.0,6.0,6.0,5.0,5.0,5.0,5.0,7.0,7.0,8.0,7.0,7.0,6.0,6.0,7.0,6.0,7.0,7.0,6.0,7.0,7.0,6.0,6.0,6.0,7.0,7.0,6.0,6.0,6.0,6.0,6.0,6.0,6.0,6.0,7.0,7.0,6.0,6.0,7.0,7.0,6.0,6.0,6.0,6.0,6.0,6.0,8.0,7.0,7.0,6.0,7.0,8.0,6.0,5.0,5.0,5.0,5.0,5.0,3.0,0.0,2.0,0.0,7.0,7.0,7.0,7.0,7.0,7.0,6.0,6.0,6.0,6.0,6.0,6.0,6.0,6.0,13.0,13.0
rad/s,9.0,6.0,5.0,6.0,5.0,11.0,6.0,10.0,6.0,5.0,5.0,7.0,5.0,5.0,5.0,6.0,9.0,9.0,6.0,6.0,5.0,5.0,5.0,6.0,6.0,6.0,6.0,5.0,3.0,3.0,7.0,7.0,5.0,5.0,5.0,5.0,4.0,4.0,7.0,7.0,8.0,5.0,5.0,4.0,4.0,5.0,5.0,6.0,6.0,5.0,6.0,6.0,5.0,5.0,5.0,5.0,5.0,6.0,6.0,5.0,5.0,4.0,4.0,5.0,5.0,6.0,6.0,6.0,6.0,6.0,6.0,5.0,5.0,4.0,4.0,5.0,5.0,8.0,6.0,6.0,7.0,5.0,8.0,6.0,3.0,3.0,3.0,3.0,3.0,5.0,2.0,0.0,2.0,7.0,7.0,6.0,5.0,5.0,5.0,5.0,5.0,5.0,5.0,5.0,5.0,5.0,5.0,14.0,14.0
rad/sec,9.0,7.0,7.0,7.0,6.0,10.0,6.0,10.0,6.0,6.0,6.0,7.0,7.0,7.0,3.0,7.0,9.0,9.0,7.0,7.0,6.0,6.0,6.0,7.0,7.0,7.0,7.0,7.0,5.0,5.0,7.0,7.0,6.0,6.0,5.0,5.0,5.0,5.0,7.0,7.0,8.0,7.0,7.0,6.0,6.0,7.0,6.0,7.0,7.0,6.0,7.0,7.0,6.0,6.0,6.0,7.0,7.0,6.0,6.0,6.0,6.0,6.0,6.0,6.0,6.0,7.0,7.0,6.0,6.0,7.0,7.0,6.0,6.0,6.0,6.0,6.0,6.0,8.0,7.0,7.0,6.0,7.0,8.0,6.0,5.0,5.0,5.0,5.0,5.0,3.0,0.0,2.0,0.0,7.0,7.0,7.0,7.0,7.0,7.0,6.0,6.0,6.0,6.0,6.0,6.0,6.0,6.0,13.0,13.0
S cm^-1,8.0,7.0,6.0,7.0,7.0,11.0,7.0,11.0,6.0,5.0,5.0,4.0,2.0,3.0,7.0,3.0,4.0,4.0,4.0,4.0,5.0,5.0,5.0,5.0,5.0,6.0,6.0,4.0,6.0,6.0,9.0,9.0,5.0,5.0,7.0,7.0,7.0,7.0,6.0,6.0,9.0,6.0,6.0,7.0,7.0,7.0,7.0,7.0,7.0,7.0,4.0,4.0,5.0,5.0,5.0,4.0,4.0,6.0,6.0,6.0,6.0,6.0,6.0,6.0,6.0,7.0,7.0,7.0,7.0,4.0,4.0,6.0,6.0,6.0,6.0,6.0,6.0,9.0,6.0,6.0,6.0,6.0,7.0,5.0,7.0,7.0,7.0,6.0,7.0,7.0,7.0,7.0,7.0,0.0,0.0,1.0,4.0,5.0,5.0,4.0,4.0,5.0,5.0,6.0,6.0,6.0,6.0,14.0,14.0
S cm^-1,8.0,7.0,6.0,7.0,7.0,11.0,7.0,11.0,6.0,5.0,5.0,4.0,2.0,3.0,7.0,3.0,4.0,4.0,4.0,4.0,5.0,5.0,5.0,5.0,5.0,6.0,6.0,4.0,6.0,6.0,9.0,9.0,5.0,5.0,7.0,7.0,7.0,7.0,6.0,6.0,9.0,6.0,6.0,7.0,7.0,7.0,7.0,7.0,7.0,7.0,4.0,4.0,5.0,5.0,5.0,4.0,4.0,6.0,6.0,6.0,6.0,6.0,6.0,6.0,6.0,7.0,7.0,7.0,7.0,4.0,4.0,6.0,6.0,6.0,6.0,6.0,6.0,9.0,6.0,6.0,6.0,6.0,7.0,5.0,7.0,7.0,7.0,6.0,7.0,7.0,7.0,7.0,7.0,0.0,0.0,1.0,4.0,5.0,5.0,4.0,4.0,5.0,5.0,6.0,6.0,6.0,6.0,14.0,14.0
S m^-1,7.0,7.0,6.0,7.0,6.0,11.0,6.0,11.0,6.0,6.0,6.0,4.0,2.0,3.0,6.0,3.0,5.0,5.0,5.0,5.0,6.0,4.0,4.0,5.0,5.0,5.0,5.0,3.0,5.0,5.0,9.0,9.0,4.0,4.0,7.0,7.0,7.0,7.0,6.0,6.0,9.0,6.0,6.0,6.0,6.0,6.0,6.0,6.0,6.0,6.0,5.0,5.0,6.0,4.0,4.0,3.0,3.0,6.0,6.0,6.0,6.0,6.0,6.0,6.0,6.0,6.0,6.0,7.0,7.0,3.0,3.0,6.0,6.0,6.0,6.0,6.0,6.0,9.0,5.0,5.0,5.0,5.0,6.0,4.0,6.0,6.0,6.0,5.0,6.0,6.0,7.0,6.0,7.0,1.0,1.0,0.0,3.0,6.0,6.0,5.0,5.0,6.0,6.0,5.0,5.0,5.0,5.0,14.0,14.0
s.m-1,8.0,7.0,5.0,7.0,5.0,11.0,6.0,9.0,5.0,5.0,5.0,5.0,3.0,2.0,5.0,3.0,7.0,7.0,5.0,5.0,5.0,4.0,4.0,5.0,5.0,4.0,4.0,3.0,4.0,4.0,8.0,8.0,4.0,4.0,7.0,7.0,7.0,7.0,6.0,6.0,9.0,7.0,7.0,5.0,5.0,5.0,5.0,6.0,6.0,5.0,5.0,5.0,5.0,4.0,4.0,3.0,3.0,5.0,5.0,5.0,5.0,5.0,5.0,5.0,5.0,6.0,6.0,7.0,7.0,4.0,4.0,5.0,5.0,5.0,5.0,5.0,5.0,9.0,5.0,5.0,5.0,4.0,6.0,4.0,5.0,5.0,5.0,4.0,5.0,6.0,7.0,5.0,7.0,4.0,4.0,3.0,0.0,4.0,4.0,5.0,5.0,5.0,5.0,4.0,4.0,4.0,4.0,14.0,14.0
s(cm),9.0,7.0,5.0,7.0,5.0,11.0,6.0,9.0,5.0,3.0,3.0,5.0,5.0,4.0,5.0,4.0,6.0,6.0,4.0,4.0,3.0,5.0,5.0,5.0,5.0,4.0,4.0,5.0,5.0,5.0,7.0,7.0,5.0,5.0,7.0,7.0,7.0,7.0,6.0,6.0,9.0,7.0,7.0,5.0,5.0,5.0,5.0,5.0,4.0,5.0,4.0,4.0,3.0,5.0,5.0,5.0,5.0,5.0,5.0,4.0,4.0,4.0,4.0,4.0,4.0,6.0,6.0,7.0,7.0,6.0,6.0,4.0,4.0,4.0,4.0,4.0,4.0,9.0,5.0,5.0,5.0,5.0,7.0,6.0,5.0,5.0,5.0,5.0,5.0,6.0,7.0,5.0,7.0,5.0,5.0,6.0,4.0,0.0,0.0,3.0,3.0,3.0,3.0,4.0,4.0,4.0,4.0,13.0,13.0
s(cm),9.0,7.0,5.0,7.0,5.0,11.0,6.0,9.0,5.0,3.0,3.0,5.0,5.0,4.0,5.0,4.0,6.0,6.0,4.0,4.0,3.0,5.0,5.0,5.0,5.0,4.0,4.0,5.0,5.0,5.0,7.0,7.0,5.0,5.0,7.0,7.0,7.0,7.0,6.0,6.0,9.0,7.0,7.0,5.0,5.0,5.0,5.0,5.0,4.0,5.0,4.0,4.0,3.0,5.0,5.0,5.0,5.0,5.0,5.0,4.0,4.0,4.0,4.0,4.0,4.0,6.0,6.0,7.0,7.0,6.0,6.0,4.0,4.0,4.0,4.0,4.0,4.0,9.0,5.0,5.0,5.0,5.0,7.0,6.0,5.0,5.0,5.0,5.0,5.0,6.0,7.0,5.0,7.0,5.0,5.0,6.0,4.0,0.0,0.0,3.0,3.0,3.0,3.0,4.0,4.0,4.0,4.0,13.0,13.0
S/cm,9.0,7.0,4.0,7.0,5.0,11.0,6.0,10.0,5.0,1.0,1.0,7.0,5.0,4.0,4.0,5.0,7.0,7.0,3.0,3.0,2.0,4.0,4.0,4.0,4.0,6.0,6.0,4.0,4.0,4.0,7.0,7.0,4.0,4.0,6.0,6.0,6.0,6.0,5.0,5.0,8.0,6.0,6.0,5.0,5.0,5.0,3.0,5.0,5.0,3.0,3.0,3.0,2.0,4.0,4.0,4.0,4.0,5.0,5.0,2.0,2.0,3.0,3.0,3.0,3.0,6.0,6.0,7.0,7.0,6.0,6.0,2.0,2.0,3.0,3.0,3.0,3.0,9.0,4.0,4.0,5.0,4.0,7.0,5.0,4.0,4.0,4.0,4.0,4.0,6.0,6.0,5.0,6.0,4.0,4.0,5.0,5.0,3.0,3.0,0.0,0.0,1.0,1.0,2.0,2.0,3.0,3.0,14.0,14.0
S/cm,9.0,7.0,4.0,7.0,5.0,11.0,6.0,10.0,5.0,1.0,1.0,7.0,5.0,4.0,4.0,5.0,7.0,7.0,3.0,3.0,2.0,4.0,4.0,4.0,4.0,6.0,6.0,4.0,4.0,4.0,7.0,7.0,4.0,4.0,6.0,6.0,6.0,6.0,5.0,5.0,8.0,6.0,6.0,5.0,5.0,5.0,3.0,5.0,5.0,3.0,3.0,3.0,2.0,4.0,4.0,4.0,4.0,5.0,5.0,2.0,2.0,3.0,3.0,3.0,3.0,6.0,6.0,7.0,7.0,6.0,6.0,2.0,2.0,3.0,3.0,3.0,3.0,9.0,4.0,4.0,5.0,4.0,7.0,5.0,4.0,4.0,4.0,4.0,4.0,6.0,6.0,5.0,6.0,4.0,4.0,5.0,5.0,3.0,3.0,0.0,0.0,1.0,1.0,2.0,2.0,3.0,3.0,14.0,14.0
V/cm,9.0,7.0,4.0,7.0,5.0,11.0,6.0,10.0,5.0,1.0,1.0,7.0,5.0,4.0,4.0,5.0,7.0,7.0,3.0,3.0,2.0,4.0,4.0,4.0,4.0,6.0,6.0,4.0,4.0,4.0,7.0,7.0,4.0,4.0,6.0,6.0,6.0,6.0,5.0,5.0,8.0,6.0,6.0,5.0,5.0,5.0,3.0,5.0,5.0,3.0,3.0,3.0,2.0,4.0,4.0,4.0,4.0,5.0,5.0,1.0,1.0,2.0,2.0,2.0,2.0,6.0,6.0,7.0,7.0,6.0,6.0,1.0,1.0,2.0,2.0,2.0,2.0,9.0,4.0,4.0,5.0,4.0,7.0,5.0,4.0,4.0,4.0,4.0,4.0,6.0,6.0,5.0,6.0,5.0,5.0,6.0,5.0,3.0,3.0,1.0,1.0,0.0,0.0,2.0,2.0,3.0,3.0,14.0,14.0
V/cm,9.0,7.0,4.0,7.0,5.0,11.0,6.0,10.0,5.0,1.0,1.0,7.0,5.0,4.0,4.0,5.0,7.0,7.0,3.0,3.0,2.0,4.0,4.0,4.0,4.0,6.0,6.0,4.0,4.0,4.0,7.0,7.0,4.0,4.0,6.0,6.0,6.0,6.0,5.0,5.0,8.0,6.0,6.0,5.0,5.0,5.0,3.0,5.0,5.0,3.0,3.0,3.0,2.0,4.0,4.0,4.0,4.0,5.0,5.0,1.0,1.0,2.0,2.0,2.0,2.0,6.0,6.0,7.0,7.0,6.0,6.0,1.0,1.0,2.0,2.0,2.0,2.0,9.0,4.0,4.0,5.0,4.0,7.0,5.0,4.0,4.0,4.0,4.0,4.0,6.0,6.0,5.0,6.0,5.0,5.0,6.0,5.0,3.0,3.0,1.0,1.0,0.0,0.0,2.0,2.0,3.0,3.0,14.0,14.0
v/mm,9.0,7.0,4.0,7.0,5.0,12.0,6.0,9.0,4.0,2.0,2.0,7.0,5.0,4.0,4.0,6.0,8.0,8.0,4.0,4.0,3.0,3.0,3.0,3.0,3.0,6.0,6.0,4.0,4.0,4.0,7.0,7.0,3.0,3.0,6.0,6.0,6.0,6.0,5.0,5.0,8.0,6.0,6.0,5.0,5.0,5.0,3.0,5.0,5.0,3.0,4.0,4.0,3.0,3.0,3.0,4.0,4.0,4.0,4.0,3.0,3.0,3.0,3.0,2.0,2.0,6.0,6.0,7.0,7.0,6.0,6.0,3.0,3.0,3.0,3.0,2.0,2.0,9.0,4.0,4.0,5.0,3.0,6.0,4.0,4.0,4.0,4.0,4.0,4.0,6.0,6.0,5.0,6.0,6.0,6.0,5.0,4.0,4.0,4.0,2.0,2.0,2.0,2.0,0.0,0.0,2.0,2.0,14.0,14.0
v/mm,9.0,7.0,4.0,7.0,5.0,12.0,6.0,9.0,4.0,2.0,2.0,7.0,5.0,4.0,4.0,6.0,8.0,8.0,4.0,4.0,3.0,3.0,3.0,3.0,3.0,6.0,6.0,4.0,4.0,4.0,7.0,7.0,3.0,3.0,6.0,6.0,6.0,6.0,5.0,5.0,8.0,6.0,6.0,5.0,5.0,5.0,3.0,5.0,5.0,3.0,4.0,4.0,3.0,3.0,3.0,4.0,4.0,4.0,4.0,3.0,3.0,3.0,3.0,2.0,2.0,6.0,6.0,7.0,7.0,6.0,6.0,3.0,3.0,3.0,3.0,2.0,2.0,9.0,4.0,4.0,5.0,3.0,6.0,4.0,4.0,4.0,4.0,4.0,4.0,6.0,6.0,5.0,6.0,6.0,6.0,5.0,4.0,4.0,4.0,2.0,2.0,2.0,2.0,0.0,0.0,2.0,2.0,14.0,14.0
W/mK,9.0,7.0,4.0,7.0,5.0,12.0,6.0,9.0,4.0,3.0,3.0,7.0,5.0,4.0,4.0,6.0,8.0,8.0,4.0,4.0,3.0,3.0,3.0,4.0,4.0,6.0,6.0,4.0,4.0,4.0,7.0,7.0,3.0,3.0,6.0,6.0,6.0,6.0,5.0,5.0,8.0,6.0,6.0,5.0,5.0,5.0,2.0,4.0,5.0,2.0,4.0,4.0,3.0,3.0,3.0,4.0,4.0,4.0,4.0,4.0,4.0,3.0,3.0,3.0,3.0,6.0,6.0,7.0,7.0,6.0,6.0,4.0,4.0,3.0,3.0,3.0,3.0,9.0,5.0,5.0,6.0,4.0,7.0,5.0,4.0,4.0,4.0,4.0,4.0,6.0,6.0,5.0,6.0,6.0,6.0,5.0,4.0,4.0,4.0,3.0,3.0,3.0,3.0,2.0,2.0,0.0,0.0,14.0,14.0
W/mK,9.0,7.0,4.0,7.0,5.0,12.0,6.0,9.0,4.0,3.0,3.0,7.0,5.0,4.0,4.0,6.0,8.0,8.0,4.0,4.0,3.0,3.0,3.0,4.0,4.0,6.0,6.0,4.0,4.0,4.0,7.0,7.0,3.0,3.0,6.0,6.0,6.0,6.0,5.0,5.0,8.0,6.0,6.0,5.0,5.0,5.0,2.0,4.0,5.0,2.0,4.0,4.0,3.0,3.0,3.0,4.0,4.0,4.0,4.0,4.0,4.0,3.0,3.0,3.0,3.0,6.0,6.0,7.0,7.0,6.0,6.0,4.0,4.0,3.0,3.0,3.0,3.0,9.0,5.0,5.0,6.0,4.0,7.0,5.0,4.0,4.0,4.0,4.0,4.0,6.0,6.0,5.0,6.0,6.0,6.0,5.0,4.0,4.0,4.0,3.0,3.0,3.0,3.0,2.0,2.0,0.0,0.0,14.0,14.0
(dimensionless),15.0,11.0,13.0,11.0,13.0,13.0,12.0,12.0,12.0,14.0,14.0,13.0,14.0,14.0,13.0,14.0,13.0,13.0,14.0,14.0,14.0,14.0,14.0,14.0,14.0,14.0,14.0,15.0,13.0,13.0,13.0,13.0,14.0,14.0,14.0,14.0,14.0,14.0,14.0,14.0,13.0,13.0,13.0,13.0,13.0,14.0,15.0,15.0,14.0,15.0,14.0,14.0,14.0,14.0,14.0,15.0,15.0,12.0,12.0,15.0,15.0,14.0,14.0,14.0,14.0,14.0,14.0,11.0,11.0,12.0,12.0,15.0,15.0,14.0,14.0,14.0,14.0,12.0,14.0,14.0,13.0,14.0,13.0,13.0,14.0,14.0,14.0,14.0,14.0,13.0,13.0,14.0,13.0,14.0,14.0,14.0,14.0,13.0,13.0,14.0,14.0,14.0,14.0,14.0,14.0,14.0,14.0,0.0,0.0
(dimensionless),15.0,11.0,13.0,11.0,13.0,13.0,12.0,12.0,12.0,14.0,14.0,13.0,14.0,14.0,13.0,14.0,13.0,13.0,14.0,14.0,14.0,14.0,14.0,14.0,14.0,14.0,14.0,15.0,13.0,13.0,13.0,13.0,14.0,14.0,14.0,14.0,14.0,14.0,14.0,14.0,13.0,13.0,13.0,13.0,13.0,14.0,15.0,15.0,14.0,15.0,14.0,14.0,14.0,14.0,14.0,15.0,15.0,12.0,12.0,15.0,15.0,14.0,14.0,14.0,14.0,14.0,14.0,11.0,11.0,12.0,12.0,15.0,15.0,14.0,14.0,14.0,14.0,12.0,14.0,14.0,13.0,14.0,13.0,13.0,14.0,14.0,14.0,14.0,14.0,13.0,13.0,14.0,13.0,14.0,14.0,14.0,14.0,13.0,13.0,14.0,14.0,14.0,14.0,14.0,14.0,14.0,14.0,0.0,0.0
